EMP_ID,FIRST_NAME,LAST_NAME,GENDER,E_MAIL,DATE_OF_BIRTH,DATE_OF_JOINING,SSN,DEPARTMENT_ID
850297,Shawna,Buck,F,shawna.buck@gmail.com,12/12/1971,12/18/2010,222-11-7603,2
304721,Nathaniel,Burke,M,nathaniel.burke@walmart.com,10/31/1993,4/25/2017,550-99-9897,1
412317,Elisabeth,Foster,F,elisabeth.foster@gmail.com,11/26/1994,3/27/2017,215-91-0004,4
621375,Briana,Lancaster,F,briana.lancaster@yahoo.com,11/24/1975,2/25/2003,534-71-1053,3
787549,Estella,Potter,F,estella.potter@gmail.com,3/13/1995,10/11/2016,644-29-6396,2
520092,Lamont,Woods,M,lamont.woods@hotmail.com,10/13/1991,11/27/2014,037-74-2595,1
795934,Melinda,Lopez,F,melinda.lopez@hotmail.com,9/15/1984,11/22/2005,541-83-6362,3
159108,Shanna,Silva,F,shanna.silva@gmail.com,6/19/1958,10/23/1999,673-48-7003,3
330816,Jasmine,Freeman,F,jasmine.freeman@gmail.com,8/31/1961,2/1/1983,600-99-8437,3
532002,Madge,Sargent,F,madge.sargent@aol.com,10/2/1981,4/13/2006,177-86-7347,1
612850,Bethany,Cline,F,bethany.cline@yahoo.ca,10/1/1986,4/19/2008,700-18-6519,4
483751,Reid,Randolph,M,reid.randolph@gmail.com,1/20/1989,4/8/2017,343-11-4951,4
252938,Antoine,Wiley,M,antoine.wiley@verizon.net,2/22/1996,4/18/2017,078-02-8772,4
966375,Mathew,Hodge,M,mathew.hodge@hotmail.com,7/5/1995,11/11/2016,161-86-9547,2
707520,Bernardo,Austin,M,bernardo.austin@hotmail.com,2/2/1975,1/26/2005,143-23-9034,4
673049,Cole,Jensen,M,cole.jensen@aol.com,2/10/1990,5/30/2011,762-12-1934,1
265124,Tonia,Burns,F,tonia.burns@gmail.com,4/19/1985,9/12/2014,093-02-0725,4
300693,Tod,Holcomb,M,tod.holcomb@outlook.com,6/21/1987,6/5/2015,770-02-9125,4
369712,Yesenia,Guerrero,F,yesenia.guerrero@btinternet.com,3/29/1968,3/3/1994,494-29-3248,4
913253,Carey,Ferrell,M,carey.ferrell@yahoo.com,5/22/1972,10/30/2004,522-99-2018,4
308617,Aileen,Blanchard,F,aileen.blanchard@gmail.com,12/5/1986,7/18/2009,401-73-0903,1
766783,Marta,Cervantes,F,marta.cervantes@gmail.com,2/17/1971,9/17/2016,530-99-5537,2
959506,Arthur,Holloway,M,arthur.holloway@aol.com,9/21/1970,1/27/2004,210-84-4283,4
513011,Tara,Forbes,F,tara.forbes@gmail.com,6/26/1976,9/24/2009,249-99-1301,3
290808,Josef,Griffin,M,josef.griffin@yahoo.com,8/14/1976,2/25/1998,263-99-4192,2
253588,Keri,Slater,F,keri.slater@apple.com,8/3/1960,8/9/1994,391-33-2772,2
865628,Desmond,Wynn,M,desmond.wynn@hotmail.com,7/9/1992,10/1/2013,672-48-8042,3
583924,Adrienne,Puckett,F,adrienne.puckett@verizon.net,5/22/1975,2/22/1997,218-89-2915,2
932453,Beatriz,Knowles,F,beatriz.knowles@gmail.com,2/25/1984,9/16/2011,708-18-8763,3
432168,Jermaine,Sykes,M,jermaine.sykes@apple.com,1/18/1990,5/24/2016,558-99-4351,2
463784,Scott,Best,M,scott.best@cox.net,8/24/1990,12/22/2015,118-98-6210,2
721098,Isabel,Espinoza,F,isabel.espinoza@gmail.com,12/9/1971,10/14/1993,393-33-2020,3
392678,Marcelino,Kinney,M,marcelino.kinney@gmail.com,1/26/1996,2/28/2017,013-94-1066,1
880704,Benjamin,Jennings,M,benjamin.jennings@gmail.com,5/21/1977,6/10/2001,585-99-8326,2
186102,Marcia,Casey,F,marcia.casey@gmail.com,7/24/1966,11/8/2013,433-99-1252,3
350367,Rudolph,Gordon,M,rudolph.gordon@aol.com,4/28/1979,11/12/2001,461-99-0808,3
893976,Beverly,Rosales,F,beverly.rosales@yahoo.com,3/4/1975,4/24/2005,475-55-0832,3
542826,Marcus,Bolton,M,marcus.bolton@aol.com,7/5/1977,1/9/2011,068-02-2280,3
590579,Priscilla,Mays,F,priscilla.mays@gmail.com,9/4/1985,2/26/2017,377-37-1416,1
297741,Lynn,Pena,F,lynn.pena@yahoo.co.in,8/14/1962,11/8/1996,524-99-3502,4
458320,Tessa,Pace,F,tessa.pace@aol.com,12/7/1957,12/29/2012,135-25-6072,1
297059,Rufus,Guerra,M,rufus.guerra@rediffmail.com,12/25/1967,5/1/2004,200-84-8326,4
874971,Roman,Clark,M,roman.clark@aol.com,12/25/1962,1/8/1985,093-02-5729,1
136626,Carmela,Jefferson,F,carmela.jefferson@walmart.com,3/17/1975,2/27/2003,395-33-1359,4
865495,Thurman,Good,M,thurman.good@yahoo.com,1/27/1996,2/6/2017,306-37-8083,1
415161,Lemuel,Guerrero,M,lemuel.guerrero@aol.com,6/7/1985,10/15/2011,759-12-8112,3
279563,Clint,Bridges,M,clint.bridges@aol.com,5/3/1994,10/14/2015,366-39-9002,4
201710,Karyn,Christian,F,karyn.christian@aol.com,5/22/1983,6/18/2017,338-11-7664,4
722543,Lesa,Hughes,F,lesa.hughes@bp.com,2/13/1981,1/3/2016,302-15-6438,2
909337,Rich,Bates,M,rich.bates@apple.com,2/28/1989,1/22/2011,762-12-7813,4
601071,Liz,Frank,F,liz.frank@hotmail.com,3/15/1986,2/14/2009,361-08-6826,3
269523,Kendra,Villarreal,F,kendra.villarreal@gmail.com,10/22/1963,3/30/2007,298-15-2734,2
310986,Maryellen,Mcfadden,F,maryellen.mcfadden@hotmail.co.uk,10/3/1975,4/14/2017,437-99-3995,2
323914,German,Carney,M,german.carney@aol.com,7/21/1958,5/14/2000,117-98-3137,1
928739,Micheal,Shannon,M,micheal.shannon@earthlink.net,12/8/1986,2/27/2015,610-87-0573,2
238992,Carlo,Albert,M,carlo.albert@gmail.com,12/6/1961,12/26/1996,684-24-8918,2
434046,Bianca,Langley,F,bianca.langley@gmail.com,6/3/1960,4/14/1994,548-99-1891,2
971444,Elias,Cabrera,M,elias.cabrera@yahoo.com,7/13/1990,5/2/2016,327-11-4323,4
602683,Alberta,Chapman,F,alberta.chapman@comcast.net,6/5/1972,6/29/1999,043-15-2394,4
145327,Erin,Olsen,M,erin.olsen@yahoo.ca,8/8/1994,4/19/2016,078-02-5597,1
597202,Frederic,Stephenson,M,frederic.stephenson@gmail.com,10/15/1969,4/23/2013,718-18-4544,4
168824,Tanner,Caldwell,M,tanner.caldwell@aol.com,4/8/1968,6/6/1999,651-62-1143,4
616665,Clarence,Powers,M,clarence.powers@gmail.com,7/5/1982,4/11/2005,485-41-0226,3
396135,German,Sheppard,M,german.sheppard@gmail.com,7/29/1991,10/24/2014,521-99-4180,1
966525,Dion,Duffy,M,dion.duffy@aol.com,4/6/1995,1/16/2017,537-71-4655,1
362287,Cornelius,Townsend,M,cornelius.townsend@charter.net,6/2/1970,4/26/2009,440-29-7897,2
798646,Patsy,Koch,F,patsy.koch@gmail.com,7/15/1984,3/9/2010,607-87-2784,2
451972,Waldo,Shields,M,waldo.shields@aol.com,11/29/1970,2/22/2012,770-02-3111,1
993675,Damien,Rose,M,damien.rose@gmail.com,7/15/1965,12/17/2005,619-87-8206,3
807964,Curt,Bridges,M,curt.bridges@microsoft.com,10/22/1978,9/17/2011,633-31-8420,4
769123,Brenton,Matthews,M,brenton.matthews@bellsouth.net,11/6/1970,12/27/1994,495-29-4565,2
395792,Miguel,Finley,M,miguel.finley@gmail.com,7/6/1980,7/12/2004,698-16-2863,4
929791,Esperanza,Paul,F,esperanza.paul@aol.com,12/10/1960,3/14/1990,318-11-9459,3
141326,Patricia,Briggs,F,patricia.briggs@yahoo.com,11/13/1975,5/5/2000,711-18-1075,3
232794,Forrest,Noel,M,forrest.noel@hotmail.com,3/25/1978,4/5/1999,107-98-0848,3
946835,Marjorie,Wells,F,marjorie.wells@bp.com,9/14/1961,12/2/2005,725-18-0941,3
894936,Vivian,Burnett,F,vivian.burnett@gmail.com,2/9/1960,9/6/2001,001-11-5958,1
946630,Duncan,Chen,M,duncan.chen@yahoo.co.uk,2/17/1964,11/2/2000,247-99-3757,2
381338,Miriam,Barrett,F,miriam.barrett@yahoo.ca,6/25/1990,3/8/2016,031-92-2692,3
141178,Adam,Kirby,M,adam.kirby@yahoo.ca,8/11/1963,8/3/2015,152-23-6880,2
169763,Benjamin,Macdonald,M,benjamin.macdonald@gmail.com,5/16/1976,4/20/1999,295-15-3529,1
326358,Neil,Murray,M,neil.murray@apple.com,9/17/1985,3/24/2016,375-37-8892,2
185077,Nichole,Oneil,F,nichole.oneil@shaw.ca,11/30/1957,3/24/2008,768-02-1938,1
901185,Jonathon,Pearson,M,jonathon.pearson@yahoo.com,9/30/1967,8/17/2015,263-99-7250,3
264960,Brent,Bryant,M,brent.bryant@aol.com,5/9/1960,12/30/1985,592-99-1277,2
248449,Carlene,Cain,F,carlene.cain@rediffmail.com,11/25/1985,6/25/2007,056-02-8441,1
906870,Arnulfo,Pittman,M,arnulfo.pittman@yahoo.ca,9/26/1972,5/11/2002,355-08-6207,1
160503,Nickolas,Williams,M,nickolas.williams@gmail.com,6/23/1985,6/15/2009,501-37-0648,2
212917,Raymundo,Kramer,M,raymundo.kramer@aol.com,4/29/1975,7/1/2002,526-99-6591,3
337955,Jeremiah,Dotson,M,jeremiah.dotson@cox.net,7/16/1988,1/21/2015,562-99-8892,4
171553,Tanner,Matthews,M,tanner.matthews@rediffmail.com,9/24/1976,12/7/2008,602-87-3904,1
433510,Dorian,Foster,M,dorian.foster@gmail.com,7/24/1960,8/15/2009,021-94-2703,3
970502,Nora,Hansen,F,nora.hansen@yahoo.co.uk,11/13/1982,6/1/2004,766-04-0139,4
668717,Danial,Watts,M,danial.watts@hotmail.com,8/15/1959,6/9/2013,235-57-6265,3
479832,Nelson,Mcintosh,M,nelson.mcintosh@bp.com,8/17/1975,7/15/2005,100-02-9212,3
273645,Manuel,Fulton,M,manuel.fulton@gmail.com,7/16/1983,6/29/2017,695-16-1078,4
266284,Dominic,Henson,M,dominic.henson@aol.com,4/8/1979,2/6/2003,670-48-0872,2
332802,Lowell,Erickson,M,lowell.erickson@gmail.com,9/2/1982,10/23/2013,506-57-1112,3
166615,Jayne,Coleman,F,jayne.coleman@yahoo.ca,8/18/1980,11/27/2010,361-08-7099,2
953967,Cornell,Daniel,M,cornell.daniel@yahoo.com,5/27/1960,10/31/2004,285-15-0464,2
114425,Doris,Glenn,F,doris.glenn@yahoo.co.uk,1/14/1976,9/2/2002,695-16-1021,1
676618,Tabatha,Gonzales,F,tabatha.gonzales@sbcglobal.net,6/9/1966,8/7/2009,601-99-3515,4
581563,Jerome,Foreman,M,jerome.foreman@verizon.net,12/11/1988,8/28/2015,525-99-8310,1
925484,Elton,Ferguson,M,elton.ferguson@ibm.com,11/30/1982,5/9/2006,060-02-7585,1
328562,Stacy,Jennings,M,stacy.jennings@gmail.com,6/6/1980,6/28/2006,772-02-1098,3
759248,Rory,Fowler,M,rory.fowler@shaw.ca,3/6/1976,12/22/2004,582-99-8089,4
158543,Greg,Kane,M,greg.kane@bp.com,4/13/1964,5/21/1992,359-08-4375,3
275491,Julian,Russo,M,julian.russo@gmail.com,4/15/1958,1/27/1988,193-86-6196,2
257927,Agnes,Herman,F,agnes.herman@gmail.com,12/12/1975,1/4/1998,285-15-4898,3
144114,Nancy,Gillespie,F,nancy.gillespie@ibm.com,4/26/1980,2/3/2011,571-99-8980,3
262843,Tyrone,Soto,M,tyrone.soto@yahoo.com,4/7/1973,10/26/2002,260-99-2602,3
963676,Bradley,Chan,M,bradley.chan@hotmail.com,6/30/1979,12/2/2002,578-53-2084,4
745672,Emile,Love,M,emile.love@gmail.com,10/19/1980,1/23/2011,463-99-4496,1
135089,Zachary,Gregory,M,zachary.gregory@cox.net,11/14/1986,7/14/2010,022-92-4866,1
593953,Tara,Gutierrez,F,tara.gutierrez@aol.com,1/29/1971,8/17/1995,533-71-1082,4
169348,Aubrey,Pugh,M,aubrey.pugh@gmail.com,12/13/1993,3/1/2016,029-92-8064,4
976096,Carroll,Sweeney,M,carroll.sweeney@walmart.com,6/13/1989,6/22/2016,496-29-5249,3
790389,Claudette,Solomon,F,claudette.solomon@yahoo.com,12/20/1984,7/24/2014,715-18-3952,4
143898,Ricky,Bowers,M,ricky.bowers@hotmail.com,11/5/1976,12/28/2008,579-53-3688,2
749765,Brian,Fitzpatrick,M,brian.fitzpatrick@gmail.com,11/30/1978,11/9/2007,076-02-8987,3
877422,Nicholas,Branch,M,nicholas.branch@gmail.com,2/4/1992,6/13/2013,582-99-0794,2
825343,Eileen,Hobbs,F,eileen.hobbs@gmail.com,5/10/1964,8/1/1994,721-18-8978,3
155570,Colin,Wilson,M,colin.wilson@yahoo.com,3/14/1976,4/15/2002,456-99-5072,2
587361,Rosario,Trevino,F,rosario.trevino@hotmail.co.uk,12/20/1960,6/30/2001,438-99-6733,3
191240,Salvador,Gutierrez,M,salvador.gutierrez@hotmail.com,2/27/1994,1/24/2016,433-99-8048,3
404070,Aldo,Medina,M,aldo.medina@gmail.com,11/6/1973,10/4/2009,450-99-2217,1
192175,Bret,Blevins,M,bret.blevins@gmail.com,9/30/1979,7/11/2015,097-02-5670,2
825853,Dominic,Mosley,M,dominic.mosley@gmail.com,7/19/1996,7/27/2017,524-99-5211,1
430843,Karina,Owens,F,karina.owens@gmail.com,10/30/1957,6/30/1984,021-94-2215,4
597805,Marquis,Perkins,M,marquis.perkins@aol.com,11/30/1984,4/7/2012,395-33-0468,1
651120,Damon,Solomon,M,damon.solomon@aol.com,7/31/1964,5/10/2008,074-02-6697,3
995242,Leonel,Atkins,M,leonel.atkins@hotmail.com,7/11/1996,7/27/2017,191-86-5365,4
839558,Teddy,Merritt,M,teddy.merritt@msn.com,6/10/1977,5/15/2010,330-11-1775,1
398788,Alexandria,Long,F,alexandria.long@hotmail.com,2/15/1989,11/16/2010,351-08-0065,1
166790,Margaret,Reilly,F,margaret.reilly@yahoo.com,10/5/1971,1/8/1995,085-02-5151,3
581261,Willis,Rose,M,willis.rose@gmail.com,7/27/1979,12/25/2010,502-37-0169,3
793523,Donovan,Bowman,M,donovan.bowman@hotmail.com,3/3/1987,9/16/2011,333-11-3489,4
178602,Kristina,Mcgowan,F,kristina.mcgowan@gmail.com,8/29/1978,5/11/2007,177-86-1872,4
346662,Garth,Clarke,M,garth.clarke@yahoo.com,11/11/1969,11/7/2015,473-55-8809,4
817037,Martin,Buchanan,M,martin.buchanan@charter.net,9/14/1974,7/14/2001,698-16-9625,3
648913,Irwin,Jenkins,M,irwin.jenkins@aol.com,5/20/1975,5/23/2013,027-92-7402,3
924281,Reynaldo,Sosa,M,reynaldo.sosa@gmail.com,10/15/1965,5/3/1989,583-99-6285,1
951857,Sherri,Snyder,F,sherri.snyder@gmail.com,5/30/1991,8/21/2013,690-22-1232,3
474759,Johnny,Dunlap,M,johnny.dunlap@gmail.com,11/2/1962,7/15/2012,473-55-5773,3
144715,Earnest,Kirk,M,earnest.kirk@gmail.com,3/1/1965,9/21/2005,424-65-1841,1
141086,Bernardo,Mcdowell,M,bernardo.mcdowell@gmail.com,5/28/1963,4/24/2003,065-02-8230,2
633255,Yvette,Warner,F,yvette.warner@yahoo.com,6/17/1996,7/9/2017,080-02-6759,1
768457,Robby,Jordan,M,robby.jordan@comcast.net,3/20/1974,3/12/2007,731-28-7678,3
583282,Carolina,Coleman,F,carolina.coleman@aol.com,10/30/1994,7/1/2016,522-99-8409,3
421955,Sonia,Cook,F,sonia.cook@gmail.com,7/3/1965,12/25/2012,211-84-2167,4
556491,Larry,Tran,M,larry.tran@gmail.com,1/12/1970,3/15/2007,145-23-5514,1
701223,Esmeralda,Grant,F,esmeralda.grant@yahoo.com,12/19/1990,1/24/2013,536-71-6439,3
122005,Candy,Singleton,F,candy.singleton@hotmail.com,6/29/1981,4/11/2017,334-11-6997,2
461385,Emma,Obrien,F,emma.obrien@gmail.com,9/15/1966,12/2/2012,425-99-7082,4
249180,Scot,Beach,M,scot.beach@sbcglobal.net,7/31/1980,6/29/2010,756-12-8398,4
634658,Rolland,Mendoza,M,rolland.mendoza@yahoo.com,8/5/1966,1/26/2015,180-86-0187,4
842752,Tommie,Sanchez,F,tommie.sanchez@gmail.com,6/6/1974,9/25/1997,148-23-0773,1
513773,Jessie,Cortez,M,jessie.cortez@exxonmobil.com,9/20/1981,4/16/2016,165-86-1499,1
781472,Isiah,Guthrie,M,isiah.guthrie@bellsouth.net,8/19/1965,5/6/2009,100-02-2099,1
747200,Janelle,Gill,F,janelle.gill@gmail.com,5/27/1962,7/13/1999,390-33-9081,2
932425,Christoper,Haynes,M,christoper.haynes@yahoo.com,9/1/1979,2/24/2014,488-29-1186,3
962851,Kathie,Kirby,F,kathie.kirby@sbcglobal.net,11/22/1986,7/30/2011,492-29-8466,1
168829,Antonia,Kinney,F,antonia.kinney@gmail.com,2/9/1985,5/26/2006,125-98-4079,1
603575,Ophelia,Wagner,F,ophelia.wagner@ibm.com,2/2/1972,11/25/2013,083-02-0316,4
419075,Hallie,Cervantes,F,hallie.cervantes@aol.com,6/30/1979,4/3/2016,649-56-2968,1
224473,Adriana,Mcfarland,F,adriana.mcfarland@outlook.com,8/29/1978,1/10/2000,256-99-0570,2
552582,Jana,Weiss,F,jana.weiss@gmail.com,1/4/1968,6/3/2000,315-35-7587,2
724235,Quentin,Benson,M,quentin.benson@gmail.com,3/21/1980,4/17/2013,131-98-3113,1
908007,Debra,Pena,F,debra.pena@ibm.com,11/25/1990,9/17/2015,168-86-9131,3
871610,Kenton,Moreno,M,kenton.moreno@shell.com,1/19/1993,1/8/2016,647-21-4922,1
491595,Ian,Alvarado,M,ian.alvarado@aol.com,9/25/1965,12/27/1998,073-02-6652,3
821474,Jasper,Lucas,M,jasper.lucas@yahoo.co.in,9/18/1981,2/12/2003,344-11-3729,4
206783,Brock,Roberts,M,brock.roberts@yahoo.co.in,2/27/1968,1/8/1991,367-39-5971,4
870463,Salvador,Deleon,M,salvador.deleon@hotmail.com,4/7/1969,2/21/1995,662-22-8169,3
809491,Terence,Giles,M,terence.giles@yahoo.com,9/15/1976,6/12/2010,175-86-1083,3
924427,Dario,Townsend,M,dario.townsend@yahoo.com,5/10/1962,1/27/1994,222-11-0449,2
505780,Ester,Houston,F,ester.houston@ibm.com,3/12/1978,7/1/2007,551-99-8062,4
149904,Leanne,Mcmahon,F,leanne.mcmahon@shaw.ca,1/11/1964,5/8/1985,122-98-1489,2
886315,Valentin,Montoya,M,valentin.montoya@aol.com,11/7/1965,1/5/1997,532-71-1470,2
948512,Jared,Shepherd,M,jared.shepherd@ntlworld.com,3/26/1996,5/10/2017,480-41-8590,3
780963,Jami,Cantrell,F,jami.cantrell@hotmail.com,3/30/1986,4/20/2007,288-15-3260,1
282037,Bruno,Whitney,M,bruno.whitney@sbcglobal.net,3/21/1976,4/4/2010,430-99-5587,2
505758,Garland,Watkins,M,garland.watkins@apple.com,1/14/1962,9/26/2008,181-86-4186,4
487100,Augustus,Maldonado,M,augustus.maldonado@yahoo.com,5/25/1992,8/1/2016,001-11-5502,1
974444,Luther,Mcneil,M,luther.mcneil@aol.com,3/31/1992,4/2/2014,167-86-7703,4
829416,Jimmy,Molina,M,jimmy.molina@gmail.com,5/8/1966,10/11/2005,044-15-5704,4
146825,Morton,Franklin,M,morton.franklin@cox.net,8/22/1960,2/14/2008,314-35-6383,3
603179,Andrew,Price,M,andrew.price@yahoo.co.uk,3/6/1987,5/31/2009,387-33-5564,2
175035,Ava,Romero,F,ava.romero@aol.com,5/25/1972,9/14/2004,267-99-0811,4
358935,Anastasia,Bowen,F,anastasia.bowen@gmail.com,12/23/1992,4/1/2017,508-57-6611,3
608832,Sabrina,Fowler,F,sabrina.fowler@outlook.com,1/3/1982,7/17/2006,482-41-0998,1
509911,Kirsten,Lee,F,kirsten.lee@hotmail.com,10/16/1968,12/19/2014,678-22-5187,1
354363,Tabatha,Arnold,F,tabatha.arnold@gmail.com,7/29/1976,12/1/2004,184-86-0283,3
344607,Gregg,Mann,M,gregg.mann@verizon.net,5/15/1959,7/9/1998,415-99-7608,4
191963,Deanne,Mccarty,F,deanne.mccarty@charter.net,1/3/1974,7/3/2012,126-98-1744,1
695631,Juanita,Zimmerman,F,juanita.zimmerman@hotmail.com,10/16/1974,11/18/2010,352-08-7814,1
547420,Doug,Small,M,doug.small@hotmail.com,12/8/1991,11/19/2014,526-99-7100,2
403674,Billy,Mcdowell,M,billy.mcdowell@gmail.com,10/6/1983,4/6/2014,696-16-7530,4
988937,Boyd,Valencia,M,boyd.valencia@gmail.com,6/9/1987,11/16/2016,078-02-8120,4
937737,Roberto,Caldwell,M,roberto.caldwell@gmail.com,8/12/1994,3/11/2017,087-02-8919,4
144235,Kris,Conner,M,kris.conner@gmail.com,5/23/1962,9/20/1998,651-62-0527,1
866051,Leann,Ortiz,F,leann.ortiz@gmail.com,2/16/1990,4/8/2011,088-02-9740,4
287787,Joaquin,Bentley,M,joaquin.bentley@gmail.com,8/24/1961,7/28/2012,287-15-0404,3
316579,Leanne,Potter,F,leanne.potter@exxonmobil.com,1/25/1989,10/16/2015,268-17-1006,3
625981,Jay,Sanders,M,jay.sanders@gmail.com,1/5/1964,12/29/1987,168-86-3105,2
232661,Luz,Brown,F,luz.brown@msn.com,7/6/1961,5/18/1987,420-67-7134,2
863522,Dudley,Preston,M,dudley.preston@gmail.com,11/16/1977,3/24/2014,607-87-4655,2
118236,Monroe,Beach,M,monroe.beach@bp.com,10/18/1987,8/26/2015,198-84-8610,1
412201,Dina,Jones,F,dina.jones@aol.com,8/26/1990,7/26/2013,474-55-5660,4
855988,Christian,Morrison,M,christian.morrison@yahoo.co.in,7/8/1959,11/12/2011,572-99-7139,4
158689,Lucile,Fleming,F,lucile.fleming@hotmail.co.uk,12/13/1966,12/9/2006,769-02-7714,2
737292,Luciano,Ray,M,luciano.ray@btinternet.com,10/19/1991,2/22/2014,407-73-3301,3
596917,Ahmad,Poole,M,ahmad.poole@gmail.com,6/6/1973,6/1/2016,179-86-2300,1
620634,Janna,Hopkins,F,janna.hopkins@aol.com,11/21/1987,12/21/2011,246-99-6712,2
130591,Kendrick,Miles,M,kendrick.miles@ibm.com,8/10/1962,1/25/1991,323-11-2203,2
579618,Demetrius,Ruiz,M,demetrius.ruiz@gmail.com,12/14/1992,5/20/2015,348-08-8676,1
240295,Ken,Winters,M,ken.winters@rediffmail.com,2/14/1995,3/31/2016,448-27-5412,1
846100,Earl,Gilbert,M,earl.gilbert@bp.com,1/14/1973,8/26/2013,724-28-7343,4
431841,Taylor,Barlow,F,taylor.barlow@aol.com,2/4/1965,4/18/1987,321-11-1526,3
520702,Clarissa,Lawson,F,clarissa.lawson@hotmail.com,6/26/1993,11/11/2015,684-24-5365,3
771425,Lewis,Fuller,M,lewis.fuller@comcast.net,11/1/1958,12/20/2006,414-99-0664,2
189557,Claudine,Black,F,claudine.black@gmail.com,5/24/1978,9/9/2015,348-08-0053,2
702034,Mitzi,Lynch,F,mitzi.lynch@aol.com,8/29/1960,3/17/2005,118-98-4867,3
586207,Michel,Finch,M,michel.finch@gmail.com,6/26/1986,3/20/2012,248-99-6030,3
835545,Janie,Velasquez,F,janie.velasquez@gmail.com,4/19/1958,5/14/1983,237-99-2007,1
326407,Sophie,Bass,F,sophie.bass@hotmail.com,1/16/1990,10/13/2011,543-81-0393,3
414967,Bette,Kane,F,bette.kane@gmail.com,12/30/1979,6/13/2004,468-57-2192,3
410300,Dena,Blake,F,dena.blake@hotmail.com,5/26/1975,2/24/2011,610-87-0363,2
252371,Dante,Farmer,M,dante.farmer@aol.com,7/15/1985,8/18/2010,340-11-6672,1
297502,Angelina,Lynn,F,angelina.lynn@rediffmail.com,3/14/1975,3/8/2007,537-71-3446,4
725857,Shannon,Snow,F,shannon.snow@yahoo.com,11/3/1961,7/30/2014,502-37-9247,2
805103,Ron,Glenn,M,ron.glenn@gmail.com,7/6/1993,9/14/2014,760-12-0087,1
641096,Kerry,Pitts,F,kerry.pitts@aol.com,5/4/1989,4/4/2017,639-29-0173,4
856369,Dominick,Robbins,M,dominick.robbins@hotmail.com,8/19/1979,10/21/2001,395-33-8825,4
318571,Emory,Spence,M,emory.spence@yahoo.com,5/4/1967,10/18/2004,762-12-2563,3
219020,Lana,Spence,F,lana.spence@aol.com,7/15/1967,6/21/2009,087-02-3956,4
934285,Jeremy,English,M,jeremy.english@gmail.com,9/11/1972,10/20/1996,564-99-1302,2
149763,Dudley,Melton,M,dudley.melton@aol.com,4/2/1991,5/17/2013,248-99-5679,3
363951,Frances,Stafford,F,frances.stafford@ntlworld.com,9/7/1965,7/25/1987,099-02-4447,4
306185,Percy,Hunt,M,percy.hunt@btinternet.com,12/13/1970,11/7/2004,025-92-2759,3
225090,Alfredo,Vasquez,M,alfredo.vasquez@bp.com,4/21/1973,10/4/2005,560-99-7135,4
287114,Joanna,Perkins,F,joanna.perkins@aol.com,8/10/1959,9/9/1992,284-15-7682,4
811489,Susanna,Huff,F,susanna.huff@hotmail.com,7/9/1970,5/4/2011,358-08-7991,2
162573,Ola,Thompson,F,ola.thompson@yahoo.com,8/28/1970,8/19/2003,147-23-4311,2
836699,Louella,Wolfe,F,louella.wolfe@charter.net,2/19/1966,5/21/2001,574-61-8029,1
798859,Deirdre,Travis,F,deirdre.travis@hotmail.com,4/11/1971,7/15/1998,026-92-8042,1
458765,Kristina,Ware,F,kristina.ware@gmail.com,6/26/1981,10/18/2006,183-86-2067,1
562109,Stacy,Dixon,M,stacy.dixon@aol.com,5/27/1963,11/30/1995,458-99-8461,2
947334,Frankie,Clark,M,frankie.clark@apple.com,11/19/1960,11/20/2010,046-15-2622,4
316995,Pauline,Gilbert,F,pauline.gilbert@yahoo.com,7/5/1996,7/22/2017,570-99-4500,4
798671,Adolph,Skinner,M,adolph.skinner@gmail.com,9/20/1964,5/26/2008,384-37-6327,3
415004,Rosa,Camacho,F,rosa.camacho@gmail.com,4/7/1995,5/25/2016,687-24-2091,2
770810,Craig,Marquez,M,craig.marquez@gmail.com,6/16/1982,12/18/2004,207-84-2832,1
255640,Stanley,Lowe,M,stanley.lowe@gmail.com,9/7/1986,11/14/2008,064-02-4325,1
311079,Morgan,Farrell,M,morgan.farrell@gmail.com,4/17/1989,11/23/2011,136-25-6207,1
559421,Reba,Potts,F,reba.potts@microsoft.com,4/2/1986,7/7/2011,237-99-4109,2
959306,Shana,Gould,F,shana.gould@gmail.com,7/20/1973,8/17/2000,271-17-8858,3
713805,Adam,Bartlett,M,adam.bartlett@aol.com,9/25/1971,6/20/2005,500-29-9319,4
532285,Leann,Melendez,F,leann.melendez@gmail.com,11/4/1973,12/17/2007,008-94-7923,3
664249,Floyd,Mills,M,floyd.mills@gmail.com,8/29/1983,2/2/2006,481-41-0460,2
339483,Scott,Carrillo,M,scott.carrillo@sbcglobal.net,1/15/1970,8/6/1991,458-99-4184,2
155956,Sterling,Hooper,M,sterling.hooper@hotmail.com,9/19/1962,8/18/2003,167-86-0816,2
791119,Damon,Hunt,M,damon.hunt@gmail.com,11/28/1978,11/5/2010,462-99-3472,2
798553,Mauricio,Potts,M,mauricio.potts@yahoo.com,8/31/1986,4/15/2015,213-91-9114,1
981925,Ebony,Eaton,F,ebony.eaton@gmail.com,7/24/1964,10/26/1999,511-33-0572,1
648118,Bobbie,Joyner,F,bobbie.joyner@gmail.com,4/20/1971,4/19/2016,437-99-4679,4
278391,Jami,Velasquez,F,jami.velasquez@hotmail.com,7/23/1992,8/19/2016,316-35-5631,3
556573,Aisha,Gentry,F,aisha.gentry@aol.com,10/31/1965,7/10/1991,180-86-5081,3
159472,Moses,Reid,M,moses.reid@apple.com,12/22/1964,8/14/1999,424-65-3064,1
871770,Monique,Deleon,F,monique.deleon@hotmail.com,4/9/1990,5/17/2015,513-31-6303,4
338556,Domingo,Gibbs,M,domingo.gibbs@hotmail.com,11/7/1988,10/27/2013,546-99-2961,2
182719,Tammy,Vincent,F,tammy.vincent@aol.com,7/13/1960,11/19/2007,082-02-5393,3
305556,Federico,Wilson,M,federico.wilson@yahoo.com,11/16/1974,4/13/2000,445-27-4988,2
915507,Kory,Roth,M,kory.roth@bp.com,1/18/1974,11/24/2010,386-37-5617,1
761381,Nichole,Lloyd,F,nichole.lloyd@shell.com,4/23/1986,12/15/2016,496-29-4801,3
141022,Rodger,Chavez,M,rodger.chavez@outlook.com,7/10/1981,3/3/2005,061-02-4120,3
528086,Bruce,Carney,M,bruce.carney@hotmail.com,2/9/1974,5/7/2013,330-11-2949,3
177821,Derick,Ferrell,M,derick.ferrell@yahoo.co.in,2/7/1975,4/5/2008,155-23-2078,3
740281,Lorna,Henson,F,lorna.henson@outlook.com,6/9/1989,10/23/2011,146-23-6275,3
906797,Rico,Mayo,M,rico.mayo@gmail.com,6/10/1991,11/17/2016,705-18-7358,2
790008,Luann,Crane,F,luann.crane@gmail.com,3/26/1977,7/15/2010,101-02-1834,3
825433,Tara,Goodwin,F,tara.goodwin@shaw.ca,7/23/1968,11/24/2007,714-18-9674,4
941759,Shaun,Evans,M,shaun.evans@gmail.com,4/2/1969,6/13/1990,115-98-3287,2
313864,Debbie,Velez,F,debbie.velez@aol.com,4/13/1963,9/29/1996,026-92-8239,2
978745,May,Hodge,F,may.hodge@hotmail.com,1/22/1975,1/31/2015,031-92-9813,1
807182,Adeline,Evans,F,adeline.evans@cox.net,8/13/1988,4/7/2016,029-92-1928,1
463743,Guy,Gilbert,M,guy.gilbert@gmail.com,9/18/1960,7/17/1988,154-23-7518,4
901775,Opal,Hansen,F,opal.hansen@hotmail.com,11/1/1977,5/4/2017,268-17-1925,3
197867,Robbie,Oconnor,F,robbie.oconnor@bellsouth.net,2/8/1993,5/30/2014,659-24-3337,2
423470,Ella,Craft,F,ella.craft@aol.com,2/18/1992,4/7/2017,659-24-6888,1
238361,Derrick,Vaughn,M,derrick.vaughn@ibm.com,4/16/1965,5/6/1990,641-29-1438,1
596366,Maura,Cherry,F,maura.cherry@earthlink.net,5/3/1970,4/5/1996,350-08-0605,1
725424,Roderick,Vinson,M,roderick.vinson@hotmail.com,3/3/1994,8/28/2016,516-49-2135,1
229037,Gwen,Gilliam,F,gwen.gilliam@aol.com,1/13/1995,5/8/2016,702-18-2141,3
434723,Melanie,Zimmerman,F,melanie.zimmerman@aol.com,6/9/1970,1/12/1999,325-11-3291,1
501422,Micah,Merritt,M,micah.merritt@rediffmail.com,10/25/1983,11/27/2006,380-37-8505,1
638943,Buford,Hobbs,M,buford.hobbs@msn.com,10/3/1975,3/15/2000,652-62-4222,2
935745,Kyle,Farmer,M,kyle.farmer@gmail.com,11/20/1974,8/30/2015,593-99-9799,2
750581,Jocelyn,Rojas,F,jocelyn.rojas@earthlink.net,2/4/1969,10/17/2009,122-98-2107,4
468128,Larry,Gray,M,larry.gray@outlook.com,9/14/1993,7/31/2015,177-86-6879,1
884877,Wilbur,Bates,M,wilbur.bates@verizon.net,7/27/1989,4/12/2012,121-98-0891,4
870904,Maxine,Moran,F,maxine.moran@gmail.com,4/27/1968,3/25/2009,084-02-1509,2
926224,Kathleen,Middleton,F,kathleen.middleton@yahoo.com,3/5/1979,5/20/2009,050-02-2695,1
220061,Norbert,Joyner,M,norbert.joyner@gmail.com,4/18/1966,11/24/2008,765-27-9014,1
125823,Chadwick,Walton,M,chadwick.walton@earthlink.net,2/17/1966,9/14/2008,496-29-1717,1
768943,Connie,Shaffer,F,connie.shaffer@walmart.com,8/10/1973,10/15/1999,508-57-3446,3
591698,Bobbie,Singleton,F,bobbie.singleton@yahoo.com,1/31/1985,1/1/2011,017-94-0645,3
700418,Lesley,Rollins,F,lesley.rollins@aol.com,3/2/1995,2/11/2017,540-83-5227,4
476635,Victoria,Howe,F,victoria.howe@gmail.com,2/9/1968,9/1/1995,587-99-9556,1
785299,Marc,Nixon,M,marc.nixon@gmail.com,2/20/1970,12/28/2005,251-99-1319,2
225139,Elias,Pena,M,elias.pena@hotmail.com,3/18/1996,4/8/2017,579-53-7330,3
308125,Flossie,Mcpherson,F,flossie.mcpherson@gmail.com,11/18/1969,3/18/1996,705-18-7866,4
129426,Lana,Hayes,F,lana.hayes@hotmail.com,12/17/1975,10/15/2013,231-99-5548,4
399192,Nick,Wilcox,M,nick.wilcox@bellsouth.net,11/18/1976,9/10/2012,027-92-5366,1
555551,Nona,Buck,F,nona.buck@outlook.com,6/9/1988,11/8/2010,654-38-4904,4
245059,Abdul,Barnett,M,abdul.barnett@hotmail.com,3/26/1985,9/26/2011,580-41-6312,1
423008,Inez,Kane,F,inez.kane@ntlworld.com,5/12/1985,9/11/2009,265-99-4110,4
316407,Raquel,Bray,F,raquel.bray@hotmail.co.uk,12/9/1993,9/10/2015,628-31-5360,1
410027,Sean,Noble,M,sean.noble@cox.net,8/17/1962,3/25/2011,557-99-1301,4
307715,Fred,Woodward,M,fred.woodward@hotmail.com,12/23/1970,4/4/2003,715-18-1976,3
690117,Sylvester,Salas,M,sylvester.salas@outlook.com,9/25/1987,2/18/2016,276-17-7941,2
149844,Berta,Irwin,F,berta.irwin@gmail.com,1/12/1983,6/2/2012,650-62-5600,4
116530,Noelle,Paul,F,noelle.paul@yahoo.com,2/1/1964,11/19/1988,475-55-5235,4
234429,Chrystal,Swanson,F,chrystal.swanson@aol.com,2/25/1984,4/27/2007,584-99-3299,1
437970,Reggie,Nolan,M,reggie.nolan@gmail.com,9/17/1989,8/5/2013,126-98-3026,1
766745,Joanne,Melton,F,joanne.melton@verizon.net,12/19/1964,3/30/2006,265-99-9921,3
684446,Bryon,Gardner,M,bryon.gardner@aol.com,2/23/1985,3/4/2008,482-41-1206,3
385932,Noreen,Vincent,F,noreen.vincent@yahoo.com,9/15/1994,8/20/2016,119-98-0757,2
862150,Mathew,Duran,M,mathew.duran@aol.com,9/6/1993,9/27/2015,681-24-3625,4
635915,Herminia,Morin,F,herminia.morin@yahoo.com,2/24/1961,6/25/1989,481-41-6687,1
540696,Luke,Craft,M,luke.craft@apple.com,8/25/1984,7/26/2013,548-99-4491,2
870351,Ronny,Long,M,ronny.long@microsoft.com,12/10/1982,11/25/2009,445-27-1852,2
360498,Jeannine,Vaughn,F,jeannine.vaughn@aol.com,4/9/1978,4/29/2014,034-92-7282,3
397164,Silvia,Huff,F,silvia.huff@gmail.com,2/12/1974,1/28/2009,101-02-3793,2
488068,Margo,Hoffman,F,margo.hoffman@gmail.com,5/14/1985,12/21/2009,500-29-6149,1
890432,Kimberly,Summers,F,kimberly.summers@msn.com,12/31/1958,4/30/2006,125-98-6121,3
935890,Jodie,Mckinney,F,jodie.mckinney@bp.com,10/16/1995,12/24/2016,337-11-9823,4
541867,Lorrie,Leblanc,F,lorrie.leblanc@gmail.com,1/12/1968,2/13/1993,268-17-3666,4
885774,Miles,Giles,M,miles.giles@yahoo.com,8/3/1976,2/12/2007,067-02-8021,2
979649,Jamar,Castaneda,M,jamar.castaneda@yahoo.com,5/11/1982,5/22/2006,441-29-0134,4
599012,Amber,Warner,F,amber.warner@hotmail.com,11/19/1957,8/6/2016,214-91-0355,1
204626,Sterling,Patel,M,sterling.patel@aol.com,2/15/1966,11/11/2001,694-16-8263,1
830006,Enid,Pearson,F,enid.pearson@cox.net,7/28/1972,4/24/2006,363-39-7730,2
127205,Annmarie,Frye,F,annmarie.frye@charter.net,6/4/1986,7/14/2013,082-02-2486,3
215589,Molly,Roach,F,molly.roach@gmail.com,10/21/1966,10/1/2005,060-02-6264,1
621606,Rogelio,Poole,M,rogelio.poole@exxonmobil.com,3/31/1992,7/27/2014,395-33-4076,3
223379,Mathew,Duke,M,mathew.duke@rediffmail.com,1/17/1993,9/6/2015,115-98-3680,4
236366,Lewis,Ayala,M,lewis.ayala@gmail.com,11/29/1992,6/15/2016,468-57-8809,1
798043,Claudette,Walter,F,claudette.walter@outlook.com,2/17/1984,8/4/2012,521-99-8220,4
811092,Tracie,Delaney,F,tracie.delaney@hotmail.com,5/31/1973,5/19/2011,719-18-7122,1
288820,Eric,Mccullough,M,eric.mccullough@gmail.com,10/17/1965,3/20/1997,208-84-0053,2
138351,Nestor,Carney,M,nestor.carney@gmail.com,6/5/1975,12/4/1996,444-27-6764,4
130501,Mitzi,Mueller,F,mitzi.mueller@hotmail.com,3/3/1967,4/10/2010,250-99-5174,2
587373,Lillian,Atkinson,F,lillian.atkinson@aol.com,2/25/1993,12/26/2016,085-02-7955,1
750124,Barry,Garner,M,barry.garner@gmail.com,12/21/1979,1/26/2014,638-29-1816,2
495105,Coleen,Morris,F,coleen.morris@gmail.com,11/16/1995,2/2/2017,058-02-1043,2
282678,Marci,Alvarado,F,marci.alvarado@gmail.com,5/31/1966,9/2/2007,428-99-9355,4
241302,Monty,Lancaster,M,monty.lancaster@walmart.com,3/18/1960,8/7/1985,759-12-6657,1
790290,Norris,Adams,M,norris.adams@yahoo.com,10/21/1993,4/8/2016,551-99-9716,2
924304,Elvira,Byrd,F,elvira.byrd@gmail.com,2/7/1990,4/19/2011,552-99-8369,3
234880,Keven,Logan,M,keven.logan@gmail.com,2/11/1989,5/10/2012,213-91-1279,1
443072,Rosendo,Rasmussen,M,rosendo.rasmussen@earthlink.net,10/26/1978,4/29/2001,474-55-7843,2
232070,Carly,Leach,F,carly.leach@cox.net,1/3/1971,12/20/2013,457-99-5283,3
902132,Colleen,Bray,F,colleen.bray@hotmail.com,4/7/1982,7/29/2014,614-87-2498,2
280781,Ollie,William,F,ollie.william@verizon.net,10/19/1979,9/14/2007,542-81-4737,2
589440,Hilario,Vang,M,hilario.vang@gmail.com,6/6/1978,4/12/2011,176-86-5658,1
940754,Nadine,Blanchard,F,nadine.blanchard@exxonmobil.com,3/14/1978,10/29/2001,010-94-5824,3
888277,Wm,Carroll,M,wm.carroll@gmail.com,5/16/1987,1/17/2017,114-98-9215,4
430202,Minnie,Mckee,F,minnie.mckee@gmail.com,8/26/1995,9/23/2016,353-08-1806,4
928723,Angela,Compton,F,angela.compton@gmail.com,1/21/1967,12/1/2008,045-15-8779,4
449164,Lillian,Gill,F,lillian.gill@gmail.com,7/28/1970,4/9/2000,258-99-9431,4
117603,Bob,Weiss,M,bob.weiss@hotmail.com,10/26/1991,12/23/2012,143-23-1339,3
811884,Edwin,Perez,M,edwin.perez@gmail.com,2/27/1992,6/11/2014,339-11-7841,3
463579,Bernardo,Langley,M,bernardo.langley@hotmail.com,10/21/1972,8/30/2007,350-08-5414,3
915993,William,Morrison,M,william.morrison@gmail.com,3/30/1967,10/2/2001,620-85-9976,2
836259,Vance,Osborne,M,vance.osborne@shaw.ca,11/9/1972,6/30/2001,728-14-3717,4
520719,Edmund,Salas,M,edmund.salas@aol.com,7/8/1959,8/16/1989,717-18-6482,2
409341,Imogene,Sanders,F,imogene.sanders@yahoo.com,6/3/1985,10/15/2012,681-24-8302,1
528576,Darin,Callahan,M,darin.callahan@gmail.com,10/27/1992,4/14/2014,381-37-2114,4
315565,Loretta,Sawyer,F,loretta.sawyer@hotmail.com,1/23/1996,3/7/2017,069-02-8229,2
242740,Olive,Livingston,F,olive.livingston@charter.net,2/9/1981,9/16/2002,429-99-4646,3
763459,Gino,Mcconnell,M,gino.mcconnell@aol.com,10/8/1975,5/23/2005,691-18-9714,2
239010,Fred,Hayes,M,fred.hayes@yahoo.com,12/17/1979,3/30/2001,241-99-6276,4
865905,Nelson,Wilkins,M,nelson.wilkins@earthlink.net,12/12/1961,2/23/2017,592-99-8788,2
657908,Joyce,Hooper,F,joyce.hooper@hotmail.com,2/21/1980,7/14/2002,211-84-7533,1
652723,Juliana,Rowland,F,juliana.rowland@aol.com,4/7/1993,12/8/2016,104-02-6452,1
944699,Norris,Mack,M,norris.mack@yahoo.co.in,9/18/1983,10/16/2009,011-94-3680,2
517283,Tom,Frye,M,tom.frye@gmail.com,4/9/1976,3/18/2015,655-36-6334,1
176214,Josephine,Pitts,F,josephine.pitts@hotmail.com,12/29/1972,8/30/2008,285-15-3625,1
680485,Les,Brady,M,les.brady@gmail.com,7/6/1990,12/23/2016,240-99-4848,1
891142,Jaime,Avery,M,jaime.avery@aol.com,3/7/1967,10/28/2005,144-23-1324,2
810984,Marissa,Caldwell,F,marissa.caldwell@aol.com,10/3/1979,10/25/2000,560-99-3843,2
896022,Lavern,Gardner,M,lavern.gardner@aol.com,10/19/1971,2/27/1998,385-37-9685,3
162773,Evangeline,Mejia,F,evangeline.mejia@gmail.com,9/6/1959,1/31/2010,202-84-5766,1
408036,Brandy,Carr,F,brandy.carr@btinternet.com,11/21/1976,9/21/2008,228-99-6983,4
591248,Molly,Manning,F,molly.manning@hotmail.com,6/11/1962,6/30/2004,302-15-1318,2
562393,Gale,Perez,M,gale.perez@rediffmail.com,12/2/1964,4/10/1994,514-31-5757,2
808843,Merlin,Yates,M,merlin.yates@yahoo.co.uk,1/1/1991,4/4/2012,695-16-9603,3
645393,Nelson,Mooney,M,nelson.mooney@yahoo.com,6/2/1967,7/1/1995,469-57-4220,3
685818,Jackson,Bass,M,jackson.bass@gmail.com,3/14/1983,6/3/2013,327-11-0796,2
747647,Trisha,Mueller,F,trisha.mueller@bp.com,6/13/1975,9/28/2006,156-23-0167,4
846178,Lilia,Collins,F,lilia.collins@yahoo.com,6/7/1980,2/4/2004,218-89-1286,2
754091,Kimberly,Cantu,F,kimberly.cantu@yahoo.com,10/7/1976,10/4/2002,226-99-7374,2
808727,Luciano,Jordan,M,luciano.jordan@aol.com,4/23/1994,3/12/2016,031-92-1343,4
143029,Danny,Robbins,M,danny.robbins@hotmail.com,9/27/1963,2/13/1999,586-67-4518,2
923271,Wilfredo,Richards,M,wilfredo.richards@gmail.com,12/13/1960,10/26/1985,356-08-5270,3
621988,Callie,Snider,F,callie.snider@yahoo.com,12/18/1989,6/25/2012,219-89-6568,3
240842,Rachelle,Reed,F,rachelle.reed@yahoo.co.uk,11/27/1977,4/14/2010,770-02-4059,3
517038,Bobbi,Olson,F,bobbi.olson@hotmail.com,11/3/1963,6/5/2017,313-35-8701,3
456842,Kris,Richards,F,kris.richards@aol.com,2/24/1966,4/14/2011,512-33-0548,3
276700,Marissa,Meyer,F,marissa.meyer@rediffmail.com,7/13/1958,2/28/1995,321-11-2706,1
510431,Jamar,Reese,M,jamar.reese@hotmail.co.uk,6/13/1965,3/26/1999,505-59-7074,3
451543,Nelda,Webster,F,nelda.webster@gmail.com,1/16/1986,3/3/2016,368-39-5885,3
423508,Carolina,Bruce,F,carolina.bruce@aol.com,10/6/1971,4/22/2007,156-23-5637,2
399486,Terri,Phelps,F,terri.phelps@microsoft.com,11/23/1975,12/16/1998,280-15-2470,4
295933,Nestor,Rosales,M,nestor.rosales@aol.com,4/5/1979,4/23/2010,027-92-0549,3
855670,Adrian,Robles,F,adrian.robles@gmail.com,6/8/1958,10/14/1982,526-99-7519,4
151449,Kyle,Rios,M,kyle.rios@yahoo.co.uk,2/9/1993,11/28/2016,331-11-3592,1
394700,Domingo,Wilkinson,M,domingo.wilkinson@outlook.com,1/21/1985,3/12/2008,471-57-3328,3
328740,Leonardo,Bird,M,leonardo.bird@bp.com,1/24/1974,5/26/1997,495-29-1676,3
924134,Hubert,Zimmerman,M,hubert.zimmerman@gmail.com,3/22/1980,10/7/2009,076-02-8334,3
556518,Kory,Frank,M,kory.frank@yahoo.co.in,8/29/1987,9/28/2010,654-38-6993,1
237003,Tami,Hayes,F,tami.hayes@gmail.com,12/18/1992,4/2/2016,413-99-8525,1
518193,Amanda,Carr,F,amanda.carr@gmail.com,5/27/1973,11/27/2009,510-33-9678,1
540019,Stephen,Bauer,M,stephen.bauer@sbcglobal.net,6/13/1990,8/30/2013,071-02-1344,1
489463,Johnie,Carney,M,johnie.carney@yahoo.com,6/7/1991,6/20/2015,044-15-2958,3
763039,Rebekah,Hull,F,rebekah.hull@earthlink.net,1/25/1973,4/29/2017,240-99-2092,1
854365,Kelly,Spence,F,kelly.spence@yahoo.co.uk,3/12/1972,4/3/1997,643-29-0812,4
233110,Tracie,Estes,F,tracie.estes@hotmail.com,5/11/1982,4/17/2012,323-11-2842,2
416483,Bennett,Le,M,bennett.le@gmail.com,8/8/1982,5/29/2004,524-99-8128,3
629763,Vernon,Bass,M,vernon.bass@aol.com,10/6/1962,3/18/2013,763-12-3837,4
755278,Theron,Sweet,M,theron.sweet@gmail.com,3/15/1995,6/14/2016,394-33-3362,4
471560,Ernie,Holden,M,ernie.holden@yahoo.com,11/28/1983,5/15/2013,131-98-7403,3
988676,Shawn,Rasmussen,M,shawn.rasmussen@gmail.com,12/4/1978,7/5/2013,405-73-3684,1
606109,Enrique,Adams,M,enrique.adams@rediffmail.com,12/14/1965,8/18/2001,332-11-4351,4
414129,Ernie,Aguilar,M,ernie.aguilar@aol.com,8/8/1960,1/17/2001,478-43-2646,2
286890,Carolyn,Donaldson,F,carolyn.donaldson@gmail.com,4/29/1960,3/1/2005,579-53-2885,2
944811,Margie,Deleon,F,margie.deleon@sbcglobal.net,4/13/1979,8/28/2005,329-11-0331,2
975770,Keven,Collins,M,keven.collins@gmail.com,7/12/1972,10/1/1995,294-15-0007,1
590955,Bruce,Colon,M,bruce.colon@microsoft.com,5/2/1972,8/25/2010,533-71-6012,3
565658,Kristen,Lott,F,kristen.lott@msn.com,7/6/1989,3/20/2011,763-12-5424,3
569664,Howard,Dodson,M,howard.dodson@gmail.com,2/25/1983,2/18/2007,264-99-3310,4
939970,Merle,Britt,M,merle.britt@aol.com,11/14/1977,6/21/2009,314-35-7956,4
848744,Hector,Bradley,M,hector.bradley@yahoo.com,10/9/1988,1/5/2013,657-36-7842,1
452230,Darnell,Spencer,M,darnell.spencer@aol.com,9/13/1969,8/11/1999,712-18-4439,2
930129,Janelle,William,F,janelle.william@hotmail.com,2/23/1971,10/11/2004,250-99-7390,4
909139,Eula,Atkinson,F,eula.atkinson@hotmail.com,5/6/1963,2/16/2012,699-16-1135,3
678436,Theresa,Bender,F,theresa.bender@gmail.com,2/27/1959,2/27/1982,632-31-4546,2
196011,Kimberley,Jacobson,F,kimberley.jacobson@gmail.com,10/1/1989,10/20/2010,064-02-7631,2
666886,Angelita,Reyes,F,angelita.reyes@shaw.ca,6/16/1963,1/30/1987,384-37-1874,1
572348,Selma,Floyd,F,selma.floyd@hotmail.com,9/30/1993,11/26/2015,132-98-3258,4
846144,Edna,Paul,F,edna.paul@yahoo.com,1/8/1960,8/22/1989,701-18-9565,2
665326,Dewayne,Sheppard,M,dewayne.sheppard@gmail.com,11/12/1958,5/21/2003,174-86-5982,1
119399,Gale,Rodriquez,M,gale.rodriquez@ibm.com,5/25/1961,5/23/1995,092-02-5594,1
744539,Cora,Blackburn,F,cora.blackburn@gmail.com,12/24/1963,11/7/2013,203-84-3823,3
518154,Annmarie,Roth,F,annmarie.roth@outlook.com,10/16/1980,2/22/2006,026-92-8374,3
416872,Owen,Lopez,M,owen.lopez@hotmail.co.uk,11/10/1976,5/26/2017,399-31-8754,4
339806,Chrystal,Pittman,F,chrystal.pittman@gmail.com,11/20/1966,3/23/2009,373-37-1916,2
991522,Thurman,Daniel,M,thurman.daniel@gmail.com,4/14/1969,11/18/2001,117-98-3109,1
830373,Darnell,Hoffman,M,darnell.hoffman@rediffmail.com,4/17/1982,2/25/2013,506-57-3479,4
987377,Raymundo,Sims,M,raymundo.sims@aol.com,11/27/1963,8/14/2009,348-08-8490,4
551251,Frederick,Graham,M,frederick.graham@aol.com,12/22/1962,4/26/2015,039-74-3734,3
143864,Natalie,Marshall,F,natalie.marshall@outlook.com,12/24/1973,3/25/2001,465-99-7174,2
679990,Thad,Franklin,M,thad.franklin@charter.net,2/24/1994,11/2/2016,695-16-9414,1
851939,Belinda,Trujillo,F,belinda.trujillo@btinternet.com,10/19/1991,1/23/2017,651-62-6017,3
272885,Rosanna,Chase,F,rosanna.chase@yahoo.com,4/12/1972,12/22/2011,230-99-8474,2
588553,Wilda,Rios,F,wilda.rios@yahoo.com,11/4/1986,6/3/2010,206-84-2861,1
739367,Alyssa,Marquez,F,alyssa.marquez@gmail.com,5/26/1978,7/7/2012,353-08-7747,2
271247,Liz,Barry,F,liz.barry@gmail.com,9/2/1991,8/26/2013,698-16-5440,3
778200,Mariano,Lloyd,M,mariano.lloyd@aol.com,8/2/1959,11/16/1996,648-58-3097,1
338449,Forest,Moss,M,forest.moss@yahoo.com,8/29/1963,5/13/1994,469-57-2790,2
581042,Gino,Sullivan,M,gino.sullivan@exxonmobil.com,11/20/1965,2/2/2014,452-99-2078,1
138800,Jarred,Bernard,M,jarred.bernard@hotmail.com,5/1/1968,4/24/2012,117-98-9147,3
553362,Preston,Floyd,M,preston.floyd@bellsouth.net,3/21/1968,5/5/1992,321-11-9089,3
435055,Clinton,Farley,M,clinton.farley@sbcglobal.net,8/19/1982,5/31/2015,750-20-0365,4
469392,Dana,Hill,F,dana.hill@gmail.com,11/5/1958,6/29/1999,137-25-3034,3
161467,Odell,Bryan,M,odell.bryan@yahoo.co.in,10/20/1980,8/4/2012,321-11-2808,4
755543,Tameka,Atkinson,F,tameka.atkinson@hotmail.com,8/30/1983,10/12/2009,596-94-7472,3
129077,Dominique,Moreno,M,dominique.moreno@aol.com,1/8/1991,8/26/2014,370-37-4770,4
707856,Abraham,Mayo,M,abraham.mayo@ibm.com,5/3/1989,1/31/2015,527-99-3279,2
817818,Augustus,Hines,M,augustus.hines@yahoo.com,11/27/1966,11/13/1990,721-18-0372,1
226811,Rene,Burks,M,rene.burks@rediffmail.com,1/1/1992,12/24/2016,642-29-3799,3
283199,Christian,Acevedo,M,christian.acevedo@outlook.com,7/21/1980,9/16/2006,134-98-5971,3
319493,Major,Lucas,M,major.lucas@gmail.com,11/9/1982,2/9/2011,145-23-2504,4
205347,Frieda,Hebert,F,frieda.hebert@ntlworld.com,8/23/1957,6/11/1985,209-84-9070,3
508019,Rachael,Newman,F,rachael.newman@gmail.com,6/12/1960,7/11/2001,443-27-3150,2
774862,Bernadine,Joseph,F,bernadine.joseph@gmail.com,12/1/1967,3/3/2006,667-48-9716,2
394200,Deanna,Mccoy,F,deanna.mccoy@yahoo.com,9/8/1972,6/27/1995,248-99-2433,4
887692,Joseph,Tucker,M,joseph.tucker@bp.com,10/3/1979,8/22/2006,232-57-4416,2
408248,Antwan,Richardson,M,antwan.richardson@hotmail.com,9/29/1973,7/15/2004,058-02-5142,1
787931,Harrison,Ortega,M,harrison.ortega@exxonmobil.com,4/13/1975,7/27/1998,232-57-2534,2
547050,Dylan,Cantu,M,dylan.cantu@aol.com,7/1/1963,12/25/1998,264-99-1821,1
964084,Winston,Hewitt,M,winston.hewitt@bp.com,4/11/1958,8/14/2013,213-91-5204,2
574256,Serena,Marshall,F,serena.marshall@yahoo.com,11/1/1980,5/1/2016,367-39-8919,3
215473,Maryann,Vance,F,maryann.vance@sbcglobal.net,11/2/1971,6/8/2010,765-27-6732,2
932175,Roxie,Mckay,F,roxie.mckay@gmail.com,10/14/1989,11/25/2013,084-02-1453,1
472119,Sonny,Morin,M,sonny.morin@gmail.com,11/19/1969,11/15/2001,591-99-8508,4
282137,Eduardo,Burnett,M,eduardo.burnett@gmail.com,3/30/1970,2/27/2002,072-02-8158,3
395867,Marietta,Watson,F,marietta.watson@gmail.com,3/25/1971,1/31/2014,233-57-5403,2
923329,Nettie,Preston,F,nettie.preston@gmail.com,6/26/1979,9/15/2003,029-92-9147,2
901654,Sandy,Gillespie,M,sandy.gillespie@yahoo.com,7/21/1989,10/21/2012,558-99-4685,4
673438,Christopher,Peters,M,christopher.peters@exxonmobil.com,7/24/1989,10/17/2015,182-86-6068,4
626693,Felicia,Gilmore,F,felicia.gilmore@gmail.com,2/4/1973,2/26/1996,368-39-7418,4
683325,Tyler,Mercado,M,tyler.mercado@gmail.com,4/23/1968,12/4/1999,122-98-4753,1
486465,Arline,Campbell,F,arline.campbell@gmail.com,12/28/1987,4/6/2012,321-11-2373,4
213493,Margo,Daniels,F,margo.daniels@gmail.com,1/26/1970,10/14/2009,295-15-0387,1
234177,Kareem,Jimenez,M,kareem.jimenez@gmail.com,7/23/1982,6/29/2010,453-99-2431,2
289041,Nanette,Lee,F,nanette.lee@aol.com,5/13/1963,9/14/2016,085-02-5150,3
384810,Myra,Franco,F,myra.franco@hotmail.com,2/11/1990,3/25/2012,344-11-3491,4
149750,Luther,Harrell,M,luther.harrell@hotmail.com,1/28/1980,12/1/2009,063-02-8385,2
864858,Ramon,Campbell,M,ramon.campbell@walmart.com,9/22/1990,4/12/2013,418-67-5876,4
856418,Sallie,Huffman,F,sallie.huffman@walmart.com,8/11/1962,4/30/2005,079-02-9248,3
415537,Shirley,Herrera,F,shirley.herrera@gmail.com,8/4/1977,2/28/2010,596-94-8238,2
414557,Corey,Harrell,M,corey.harrell@yahoo.com,7/23/1971,5/16/2003,730-28-1866,1
999475,Carrie,Keller,F,carrie.keller@gmail.com,3/12/1994,7/31/2015,083-02-3969,4
554345,Ofelia,Rivers,F,ofelia.rivers@gmail.com,5/14/1974,7/14/2000,714-18-2991,2
349751,Shelton,Harrison,M,shelton.harrison@yahoo.com,4/20/1986,9/3/2011,560-99-0098,4
194598,Carlene,Bernard,F,carlene.bernard@aol.com,7/21/1994,8/17/2015,576-99-2162,2
466860,Earline,Cherry,F,earline.cherry@bp.com,7/19/1975,4/4/1997,659-24-8706,1
618554,Kitty,Mathis,F,kitty.mathis@gmail.com,11/2/1958,10/26/1991,033-92-4352,1
535812,Lavonne,Carney,F,lavonne.carney@bp.com,11/24/1969,5/2/2009,711-18-0831,2
500345,Reyna,Marks,F,reyna.marks@hotmail.com,10/10/1982,3/13/2017,227-99-5136,3
735598,Preston,Perez,M,preston.perez@yahoo.com,10/30/1961,10/29/1992,215-91-2868,1
921061,Isaac,Cochran,M,isaac.cochran@charter.net,7/14/1964,8/25/2006,302-15-8335,4
968785,Noe,Clay,M,noe.clay@bellsouth.net,3/22/1975,8/11/2002,297-15-5482,2
735499,Callie,Cohen,F,callie.cohen@aol.com,12/25/1967,10/19/1996,389-33-6184,1
983480,Elliott,Marks,M,elliott.marks@aol.com,1/29/1966,1/5/2000,470-57-5011,1
206279,Georgina,Lamb,F,georgina.lamb@gmail.com,11/9/1991,4/12/2016,459-99-1978,2
582100,Frances,May,M,frances.may@rediffmail.com,11/20/1966,12/21/2001,318-11-7376,4
821988,Marc,Hurley,M,marc.hurley@gmail.com,7/21/1982,12/13/2016,304-37-5234,3
611384,Nathaniel,Bates,M,nathaniel.bates@exxonmobil.com,11/2/1967,9/20/2003,025-92-4479,1
993792,Colby,Holder,M,colby.holder@walmart.com,8/8/1973,1/6/1999,640-29-9347,2
316999,Dee,Love,F,dee.love@ibm.com,9/21/1963,7/2/1993,541-83-3120,4
880526,Willie,Gibson,M,willie.gibson@gmail.com,1/9/1962,8/1/1999,065-02-1744,3
201612,Alison,Walsh,F,alison.walsh@btinternet.com,8/12/1971,8/20/2010,364-39-6393,3
481137,Gena,Holman,F,gena.holman@ntlworld.com,5/5/1989,6/18/2013,684-24-6541,1
191985,Tammy,Casey,F,tammy.casey@gmail.com,4/14/1980,3/19/2002,221-13-7601,3
244500,Shirley,Waller,F,shirley.waller@walmart.com,6/24/1959,2/10/1990,571-99-9701,2
920668,Joanna,Poole,F,joanna.poole@bellsouth.net,5/25/1987,6/9/2015,596-94-6656,2
335470,Amber,Mendoza,F,amber.mendoza@gmail.com,2/5/1973,9/5/1994,119-98-6689,3
150036,Lourdes,Hull,F,lourdes.hull@hotmail.com,5/27/1968,11/16/1990,392-33-8988,2
251640,Kim,England,F,kim.england@gmail.com,2/18/1970,6/25/1995,540-83-2628,4
588702,Haley,Maddox,F,haley.maddox@gmail.com,3/13/1972,6/25/2004,478-43-6952,1
707453,Rory,Atkins,M,rory.atkins@gmail.com,9/5/1966,3/19/1995,422-67-4954,4
239168,Kathrine,Whitaker,F,kathrine.whitaker@yahoo.com,7/30/1992,9/21/2016,083-02-3732,2
146790,Lou,Buckner,F,lou.buckner@gmail.com,10/29/1989,11/29/2010,263-99-8576,3
637843,Karla,Barrera,F,karla.barrera@gmail.com,6/16/1966,5/12/1993,376-37-9748,1
689587,Ava,Kane,F,ava.kane@aol.com,4/10/1983,3/24/2012,518-89-3528,4
126316,Roseann,Riley,F,roseann.riley@aol.com,8/17/1976,2/22/2010,084-02-1565,2
318026,Elizabeth,Fernandez,F,elizabeth.fernandez@gmail.com,7/4/1995,7/31/2016,109-98-5127,4
848311,Flora,Decker,F,flora.decker@aol.com,8/20/1957,6/22/1995,561-99-3291,4
774548,Shannon,Parker,F,shannon.parker@yahoo.com,12/17/1987,2/13/2011,521-99-6632,4
611233,James,Cain,F,james.cain@gmail.com,1/4/1996,2/22/2017,697-16-0497,4
421652,Craig,Roberts,M,craig.roberts@yahoo.co.uk,9/26/1964,10/22/2004,510-33-4397,2
528969,Celina,Huffman,F,celina.huffman@aol.com,8/25/1977,9/15/2002,433-99-6609,2
202408,Jimmie,Burnett,F,jimmie.burnett@microsoft.com,2/23/1995,1/1/2017,238-99-5525,2
918148,Faye,Barrett,F,faye.barrett@sbcglobal.net,7/2/1985,11/14/2008,218-89-1824,1
396091,Gena,Bradley,F,gena.bradley@gmail.com,2/17/1973,10/6/1999,466-99-8029,3
808996,Deandre,Good,M,deandre.good@aol.com,6/13/1966,6/29/2007,010-94-4511,1
752301,Garland,Ayers,M,garland.ayers@ibm.com,2/15/1971,2/27/2011,683-24-3490,3
654102,Jerrod,Bell,M,jerrod.bell@yahoo.com,7/20/1992,11/15/2014,217-89-5121,3
809104,Alexis,Holland,M,alexis.holland@aol.com,12/25/1979,8/17/2011,556-99-2203,1
929548,Deidre,Barrett,F,deidre.barrett@yahoo.com,5/28/1986,4/24/2012,717-18-2589,1
978535,Fred,Hoffman,M,fred.hoffman@microsoft.com,7/1/1970,2/10/2017,300-15-0846,1
211729,Effie,Santana,F,effie.santana@yahoo.com,11/25/1962,8/2/1993,270-17-3244,3
760573,Juliette,Mosley,F,juliette.mosley@hotmail.com,9/2/1964,1/11/2014,664-22-2625,4
979873,Susan,Schwartz,F,susan.schwartz@gmail.com,12/11/1968,4/15/2002,081-02-2214,4
446702,Richie,Downs,M,richie.downs@cox.net,10/12/1960,10/2/1992,249-99-9939,1
505362,Winston,Griffin,M,winston.griffin@gmail.com,12/6/1993,2/25/2015,196-84-7330,4
451940,Sammy,Mills,M,sammy.mills@yahoo.com,2/26/1985,5/22/2006,012-94-9533,2
411196,Gracie,Mosley,F,gracie.mosley@yahoo.co.uk,11/29/1967,1/17/2015,043-15-5539,4
636457,Manuel,Bentley,M,manuel.bentley@yahoo.com,10/25/1958,10/5/2014,612-87-0154,4
262702,Roberto,Hogan,M,roberto.hogan@aol.com,5/24/1964,9/6/2003,095-02-1801,3
422323,Wilma,Gray,F,wilma.gray@gmail.com,7/31/1963,2/23/2002,129-98-2701,2
328389,Roderick,Perry,M,roderick.perry@gmail.com,2/27/1984,1/9/2009,156-23-0500,2
733184,Mayra,Bowen,F,mayra.bowen@gmail.com,4/22/1972,5/20/2011,437-99-2897,2
649821,Andres,Alexander,M,andres.alexander@yahoo.com,8/21/1982,12/23/2015,303-37-9353,4
117956,Quentin,Carney,M,quentin.carney@gmail.com,8/5/1978,3/12/2015,378-37-6428,3
670526,Adrian,Dunlap,F,adrian.dunlap@hotmail.com,1/16/1985,8/26/2013,619-87-5812,2
752997,Lelia,Sawyer,F,lelia.sawyer@gmail.com,5/5/1980,7/18/2015,695-16-6612,2
340599,Tad,Patrick,M,tad.patrick@yahoo.co.in,5/7/1977,11/24/1998,677-22-5970,2
239415,Pansy,Macdonald,F,pansy.macdonald@gmail.com,1/19/1973,10/28/2015,176-86-4548,3
280326,Agustin,Gentry,M,agustin.gentry@aol.com,11/27/1962,6/16/1985,002-11-5972,3
445516,Riley,Conley,M,riley.conley@gmail.com,11/6/1991,6/10/2013,575-99-1775,1
586177,Bernard,Leach,M,bernard.leach@sbcglobal.net,11/18/1989,12/28/2012,569-99-5915,1
866614,Lonnie,Gonzales,M,lonnie.gonzales@aol.com,5/12/1968,2/11/2005,525-99-5425,2
751376,Courtney,Barnes,M,courtney.barnes@ntlworld.com,7/3/1993,12/1/2014,516-49-6258,4
196645,Eliza,Odonnell,F,eliza.odonnell@msn.com,2/15/1987,1/18/2013,445-27-5887,3
728839,Jody,Mejia,M,jody.mejia@verizon.net,11/22/1959,9/1/2013,355-08-6730,2
694921,Pam,Stuart,F,pam.stuart@gmail.com,1/20/1967,2/28/1990,234-57-6955,3
719798,Trevor,Romero,M,trevor.romero@gmail.com,9/9/1982,3/12/2013,496-29-7731,2
375797,Tamara,Perez,F,tamara.perez@aol.com,4/25/1976,12/30/2012,383-37-8487,2
160350,Bonita,Dixon,F,bonita.dixon@gmail.com,9/2/1978,10/24/2003,661-22-4242,3
937931,Raphael,Durham,M,raphael.durham@bp.com,4/8/1972,11/7/2010,446-27-1565,2
155916,Rosanne,Mendoza,F,rosanne.mendoza@shell.com,9/22/1958,1/11/1980,420-67-2231,4
905335,Ola,Hays,F,ola.hays@exxonmobil.com,12/2/1979,5/16/2014,143-23-6142,1
502509,Genevieve,Finley,F,genevieve.finley@charter.net,11/7/1957,5/18/2003,118-98-7557,2
563580,Lamont,Albert,M,lamont.albert@yahoo.com,4/9/1968,8/20/1995,105-02-1211,1
433698,Margie,Vincent,F,margie.vincent@ibm.com,11/4/1974,12/22/2006,653-60-7379,3
163351,Terrell,Sears,M,terrell.sears@yahoo.co.uk,4/27/1970,10/31/1997,704-18-7450,2
898816,Edna,Riddle,F,edna.riddle@walmart.com,9/20/1960,10/21/2007,625-85-4062,1
641368,Lindsey,Griffin,M,lindsey.griffin@gmail.com,11/26/1978,2/27/2004,507-57-2384,4
177982,Lorrie,Sears,F,lorrie.sears@gmail.com,10/27/1972,1/16/1998,672-48-1581,4
330889,Denver,Mays,M,denver.mays@charter.net,3/26/1969,7/4/2015,445-27-8040,4
639474,Daisy,Giles,F,daisy.giles@yahoo.ca,10/30/1987,4/29/2017,575-99-4427,4
911800,Esperanza,Wade,F,esperanza.wade@gmail.com,2/26/1970,8/28/2014,732-28-1105,1
222807,Janice,Berg,F,janice.berg@gmail.com,5/25/1958,11/6/1981,598-92-9018,3
516945,Helene,Gallegos,F,helene.gallegos@gmail.com,3/28/1989,12/3/2012,485-41-5575,2
230829,Rosario,Tyson,F,rosario.tyson@gmail.com,6/25/1996,6/25/2017,125-98-7601,2
133610,Teresa,Bowen,F,teresa.bowen@ibm.com,8/2/1986,12/24/2009,705-18-7923,2
791967,Janna,Joseph,F,janna.joseph@gmail.com,9/29/1981,9/26/2014,448-27-4658,2
772354,Erika,Myers,F,erika.myers@gmail.com,4/26/1975,12/13/2002,110-98-4746,3
909265,Mohamed,Fitzgerald,M,mohamed.fitzgerald@aol.com,3/24/1959,2/20/2013,444-27-5816,4
208763,Mohammad,Downs,M,mohammad.downs@gmail.com,11/28/1975,10/31/2013,407-73-2925,1
679572,Felipe,Vance,M,felipe.vance@gmail.com,2/15/1962,6/18/1987,098-02-9248,4
992569,Rusty,Moran,M,rusty.moran@aol.com,3/29/1980,6/16/2004,574-61-2278,1
821754,Kirsten,Wolf,F,kirsten.wolf@aol.com,4/5/1961,11/9/1985,703-18-9584,3
751897,Mercedes,Glass,F,mercedes.glass@ntlworld.com,5/29/1964,8/24/1988,657-36-0722,2
208375,Kenya,Merrill,F,kenya.merrill@apple.com,3/1/1980,3/31/2006,082-02-4317,2
931551,Laurence,Camacho,M,laurence.camacho@gmail.com,3/10/1989,2/1/2015,559-99-1925,3
317525,Shirley,Potter,F,shirley.potter@yahoo.ca,1/31/1986,3/17/2013,332-11-2702,4
993099,Ricky,Snider,M,ricky.snider@gmail.com,6/29/1959,2/12/1981,066-02-5461,2
854776,Jerry,Jacobs,F,jerry.jacobs@gmail.com,7/28/1985,8/18/2014,042-15-7172,2
437878,Melva,Payne,F,melva.payne@bellsouth.net,3/12/1978,3/13/2000,691-18-9471,3
350842,Josef,Lamb,M,josef.lamb@gmail.com,12/16/1973,8/5/2004,519-87-7241,2
125134,Ellen,Bird,F,ellen.bird@sbcglobal.net,3/1/1969,7/7/2002,353-08-5818,4
651597,Lydia,Lindsey,F,lydia.lindsey@comcast.net,7/1/1972,9/28/2001,271-17-5906,2
801970,Becky,Bolton,F,becky.bolton@gmail.com,8/18/1972,8/27/2015,548-99-7738,4
217117,Edna,Petersen,F,edna.petersen@gmail.com,4/29/1958,7/7/2000,470-57-8559,4
539548,Yong,Poole,M,yong.poole@sbcglobal.net,7/26/1982,11/26/2013,271-17-0003,3
479754,Shannon,Singleton,F,shannon.singleton@yahoo.co.in,1/27/1960,3/23/1987,188-86-4391,4
992197,Benny,Smith,M,benny.smith@gmail.com,9/22/1988,9/13/2013,153-23-1572,1
844571,Rhea,Faulkner,F,rhea.faulkner@charter.net,5/9/1968,8/12/1995,377-37-0296,4
618339,Tracy,Sparks,M,tracy.sparks@hotmail.co.uk,6/7/1989,8/18/2011,170-86-0752,2
804360,Wilburn,Atkins,M,wilburn.atkins@btinternet.com,11/25/1972,3/25/2013,594-99-7280,1
335435,Frank,Larson,M,frank.larson@charter.net,2/15/1975,12/11/2001,757-12-2852,1
308129,Barton,Mullen,M,barton.mullen@apple.com,6/30/1970,11/11/2004,708-18-9367,1
192292,Max,Barrera,M,max.barrera@shell.com,8/19/1960,2/3/1999,454-99-0338,4
410844,Eliseo,Wilkerson,M,eliseo.wilkerson@hotmail.com,8/12/1982,2/27/2017,668-48-5007,4
530958,Lynne,Vinson,F,lynne.vinson@hotmail.com,3/30/1988,4/25/2012,196-84-5490,3
232194,Maude,Jackson,F,maude.jackson@sbcglobal.net,11/28/1965,7/29/2012,684-24-0976,4
888196,Kathryn,Sargent,F,kathryn.sargent@aol.com,7/25/1984,3/5/2010,098-02-5561,4
696612,Dan,William,M,dan.william@gmail.com,4/22/1966,4/19/2014,230-99-8788,3
775434,Tanisha,Lester,F,tanisha.lester@ibm.com,12/11/1977,12/7/2001,649-56-0430,2
860093,Kitty,Clay,F,kitty.clay@yahoo.ca,12/25/1970,1/24/2003,522-99-3601,4
476072,Kent,Jackson,M,kent.jackson@exxonmobil.com,11/5/1974,2/21/1996,414-99-2756,2
407160,Ashlee,Gardner,F,ashlee.gardner@gmail.com,1/13/1965,2/8/2015,491-29-5620,2
221262,Felecia,Sparks,F,felecia.sparks@gmail.com,11/21/1962,10/8/2007,148-23-0643,4
790187,Horace,Rasmussen,M,horace.rasmussen@gmail.com,11/11/1958,8/15/2012,726-18-4007,1
771945,Rickie,Gilmore,M,rickie.gilmore@gmail.com,8/17/1962,10/19/1999,512-33-2786,3
372188,Maria,Chavez,F,maria.chavez@gmail.com,5/10/1986,5/9/2017,265-99-3283,1
657125,Michael,West,F,michael.west@aol.com,2/9/1972,12/7/1999,186-86-6135,3
489761,Paula,Pacheco,F,paula.pacheco@rediffmail.com,11/15/1995,3/30/2017,522-99-2237,4
651738,Rick,Sawyer,M,rick.sawyer@earthlink.net,3/9/1960,1/27/1993,335-11-6046,1
463929,Ramiro,Rojas,M,ramiro.rojas@ntlworld.com,11/2/1984,7/6/2006,537-71-5334,3
521878,Benny,Stephenson,M,benny.stephenson@apple.com,7/4/1986,12/23/2015,466-99-8942,2
697802,Beryl,Nelson,F,beryl.nelson@gmail.com,3/2/1988,7/17/2010,176-86-6616,2
842936,Bernice,Conrad,F,bernice.conrad@aol.com,5/29/1980,8/2/2002,650-62-7464,4
333260,Bud,Knowles,M,bud.knowles@hotmail.com,7/7/1959,10/27/2007,648-58-6115,2
696218,Anita,Pratt,F,anita.pratt@gmail.com,5/17/1958,1/21/2001,378-37-8132,3
161109,Kareem,Fuentes,M,kareem.fuentes@hotmail.com,1/22/1974,10/21/2001,183-86-8752,1
938475,Curtis,Hoover,M,curtis.hoover@gmail.com,4/28/1978,9/11/2011,031-92-1499,4
368041,Tamika,Rosa,F,tamika.rosa@walmart.com,5/10/1973,10/25/2009,581-99-5749,2
738794,Carmelo,Scott,M,carmelo.scott@yahoo.co.uk,10/9/1986,1/12/2011,500-29-4804,2
703738,Rebecca,Moon,F,rebecca.moon@rediffmail.com,8/6/1987,12/26/2015,574-61-8531,2
188409,Pearlie,Bryant,F,pearlie.bryant@gmail.com,7/9/1987,12/31/2008,129-98-7137,4
206997,Donovan,Russo,M,donovan.russo@hotmail.com,11/22/1977,4/26/2000,191-86-5137,1
677871,Robt,Ramsey,M,robt.ramsey@comcast.net,3/24/1986,6/20/2009,366-39-7086,2
963113,Lacy,Rowe,F,lacy.rowe@gmail.com,2/12/1961,10/8/1997,115-98-9122,1
291577,Rosemary,Vaughn,F,rosemary.vaughn@aol.com,9/24/1983,1/24/2012,426-99-2901,3
142501,Lon,Martin,M,lon.martin@hotmail.co.uk,8/5/1988,10/24/2011,759-12-0967,3
358556,Grace,Dejesus,F,grace.dejesus@yahoo.co.uk,1/25/1979,2/1/2000,705-18-5141,4
126137,Felix,Haynes,M,felix.haynes@aol.com,8/12/1978,1/13/2003,085-02-1977,3
409492,Beatriz,Pugh,F,beatriz.pugh@aol.com,4/12/1982,2/13/2011,455-99-1842,4
967793,Louisa,Wallace,F,louisa.wallace@shaw.ca,6/11/1987,11/19/2009,350-08-0701,2
790017,Aubrey,Myers,M,aubrey.myers@hotmail.com,12/27/1958,3/15/2005,431-99-6161,1
998638,Reyna,Mccoy,F,reyna.mccoy@hotmail.com,5/22/1983,9/21/2016,540-83-1826,1
402452,Rusty,Fletcher,M,rusty.fletcher@gmail.com,8/9/1979,7/8/2013,582-99-6542,2
490868,Houston,Morris,M,houston.morris@verizon.net,5/19/1981,10/2/2012,032-92-7588,1
381597,Edwardo,Stone,M,edwardo.stone@gmail.com,7/5/1988,11/13/2016,413-99-9368,4
852587,Clifton,Langley,M,clifton.langley@verizon.net,6/7/1992,1/7/2017,256-99-1681,3
732315,Amparo,Campos,F,amparo.campos@gmail.com,10/4/1972,1/10/2016,481-41-4117,3
937260,Martha,Schmidt,F,martha.schmidt@aol.com,11/2/1982,3/28/2009,696-16-5657,2
290034,Charmaine,Hawkins,F,charmaine.hawkins@yahoo.com,8/7/1984,12/31/2012,472-57-1020,4
273325,Jayne,Thomas,F,jayne.thomas@hotmail.com,1/9/1960,3/5/1981,555-99-7837,2
809726,Bryce,Cox,M,bryce.cox@gmail.com,11/20/1978,4/24/2004,672-48-1213,2
575035,Beatrice,Lawson,F,beatrice.lawson@hotmail.com,3/26/1990,1/8/2017,095-02-4716,3
211129,Alphonse,Torres,M,alphonse.torres@btinternet.com,1/7/1972,5/26/2002,096-02-9399,4
673451,Rae,Peck,F,rae.peck@gmail.com,1/23/1992,3/15/2016,765-27-4869,2
230226,Dona,Maxwell,F,dona.maxwell@gmail.com,10/9/1976,6/11/2014,212-91-9003,1
673126,David,Meyer,M,david.meyer@shaw.ca,6/27/1968,11/7/2001,414-99-5357,1
615857,Clara,Harrington,F,clara.harrington@gmail.com,11/15/1985,11/17/2006,006-11-9826,2
251151,Harlan,Vaughan,M,harlan.vaughan@bp.com,10/29/1975,4/30/1999,403-73-0634,1
232585,Wanda,Lester,F,wanda.lester@gmail.com,4/15/1965,6/30/1995,507-57-8199,1
237448,Keri,Buchanan,F,keri.buchanan@hotmail.co.uk,6/16/1985,4/9/2009,690-22-3952,1
764254,Wilfred,Charles,M,wilfred.charles@btinternet.com,3/13/1974,1/25/2017,601-99-9648,3
837427,Lynn,Howe,M,lynn.howe@gmail.com,3/19/1989,12/16/2015,097-02-1269,4
934912,Faye,Mercer,F,faye.mercer@yahoo.com,11/25/1982,12/1/2005,014-94-4040,1
747004,Bennie,Melendez,M,bennie.melendez@yahoo.com,7/23/1958,7/9/1987,596-94-7653,1
497086,Scotty,Ellis,M,scotty.ellis@hotmail.com,4/25/1973,8/5/1994,457-99-3245,1
743314,Grady,Herman,M,grady.herman@yahoo.ca,6/10/1969,8/25/1990,683-24-6192,4
570767,Eula,Aguirre,F,eula.aguirre@exxonmobil.com,3/28/1971,4/8/2002,271-17-1294,4
445556,Nita,Adams,F,nita.adams@hotmail.com,2/2/1986,8/11/2009,441-29-9396,2
471961,Zachery,Harvey,M,zachery.harvey@walmart.com,6/13/1971,5/11/2005,117-98-7029,4
273769,Scot,Faulkner,M,scot.faulkner@bp.com,5/22/1966,5/25/2001,226-99-3106,2
280832,Mia,Joseph,F,mia.joseph@hotmail.co.uk,6/20/1989,6/16/2017,638-29-9264,3
411066,Hung,Herman,M,hung.herman@gmail.com,12/13/1976,11/8/2014,426-99-2897,2
843879,Genevieve,Bradshaw,F,genevieve.bradshaw@gmail.com,3/4/1967,11/10/1990,578-53-4441,2
352677,Alec,Brown,M,alec.brown@cox.net,3/17/1967,12/10/2006,110-98-2990,3
237902,Pasquale,Knight,M,pasquale.knight@yahoo.co.uk,12/15/1960,12/24/1992,523-99-6783,3
180696,Sheri,Whitley,F,sheri.whitley@bp.com,12/6/1981,8/5/2012,616-87-7652,1
168016,Mauro,Marshall,M,mauro.marshall@gmail.com,11/23/1988,5/2/2010,250-99-0956,3
481176,Cristina,Grimes,F,cristina.grimes@yahoo.com,10/7/1993,9/23/2015,429-99-5107,3
438561,Raul,Frost,M,raul.frost@hotmail.com,7/28/1965,2/2/2009,188-86-7216,3
709146,Amparo,Dixon,F,amparo.dixon@charter.net,5/11/1979,3/27/2014,229-99-3940,4
746945,Efrain,Carney,M,efrain.carney@yahoo.com,6/17/1958,12/15/2014,274-17-9077,3
473773,Stacey,Workman,M,stacey.workman@gmail.com,3/26/1966,4/23/1994,055-02-2002,2
828174,Leon,Mcgowan,M,leon.mcgowan@hotmail.com,5/11/1986,9/29/2007,693-16-3458,4
438094,Vonda,Johns,F,vonda.johns@aol.com,7/9/1972,8/22/2006,599-92-7819,2
866744,Jorge,Wright,M,jorge.wright@cox.net,6/14/1983,8/18/2016,715-18-3343,1
638900,Brandy,Bean,F,brandy.bean@ntlworld.com,5/20/1995,9/11/2016,361-08-4499,3
759226,Lakeisha,Bowman,F,lakeisha.bowman@hotmail.com,12/30/1967,2/21/1989,167-86-2936,4
476750,Ernestine,Lambert,F,ernestine.lambert@msn.com,3/13/1970,10/2/2009,704-18-6132,4
588664,Julius,Gardner,M,julius.gardner@btinternet.com,12/2/1986,6/20/2012,578-53-5318,4
403910,Naomi,Jacobs,F,naomi.jacobs@hotmail.com,5/14/1973,7/25/2000,759-12-6705,2
449655,Sydney,Frederick,M,sydney.frederick@bellsouth.net,3/7/1992,11/10/2016,580-41-2607,1
226863,Clifton,Tyson,M,clifton.tyson@gmail.com,2/23/1967,7/8/1993,148-23-1501,3
651910,Consuelo,Hamilton,F,consuelo.hamilton@gmail.com,9/29/1960,5/30/2006,080-02-8603,2
717861,Aldo,Jarvis,M,aldo.jarvis@aol.com,12/14/1982,8/20/2008,074-02-1008,3
885624,Deidre,Anthony,F,deidre.anthony@yahoo.co.uk,4/28/1985,3/13/2014,198-84-3960,1
341048,Maura,Delaney,F,maura.delaney@yahoo.com,8/17/1963,12/2/1999,673-48-7327,2
709748,Claudine,Landry,F,claudine.landry@cox.net,2/7/1985,6/29/2016,631-31-3828,4
454287,Silvia,Ortega,F,silvia.ortega@hotmail.com,3/25/1966,4/1/2001,516-49-3077,4
390973,Gilda,Dillon,F,gilda.dillon@msn.com,11/17/1971,1/22/1998,374-37-8017,4
570009,Mai,Jennings,F,mai.jennings@gmail.com,11/4/1984,2/1/2007,149-23-2798,4
454506,Cecilia,Dawson,F,cecilia.dawson@yahoo.com,2/19/1975,6/21/1999,324-11-3653,2
147313,Wilburn,Rowe,M,wilburn.rowe@yahoo.com,12/13/1977,10/31/2015,731-28-6861,3
307771,Delbert,Cooley,M,delbert.cooley@shell.com,11/27/1976,5/17/2016,271-17-0330,2
498653,Vincent,Case,M,vincent.case@yahoo.com,7/19/1983,10/8/2007,082-02-7876,3
964798,Orlando,Wilkerson,M,orlando.wilkerson@hotmail.com,4/5/1973,12/20/2009,715-18-7770,4
616656,Isiah,Hubbard,M,isiah.hubbard@hotmail.com,2/28/1971,4/2/2012,366-39-9593,4
232425,Jeanine,Ratliff,F,jeanine.ratliff@gmail.com,8/14/1967,12/22/2014,628-31-5980,2
504422,Damien,Middleton,M,damien.middleton@bp.com,6/6/1976,7/1/1999,357-08-8311,3
941632,Fern,Burris,F,fern.burris@aol.com,10/15/1973,11/2/2003,032-92-7904,2
925954,Katy,Glass,F,katy.glass@charter.net,8/9/1972,12/13/2006,113-98-6785,2
585128,Nikki,Bean,F,nikki.bean@gmail.com,10/14/1989,6/17/2011,772-02-4583,4
271180,Norris,Alvarez,M,norris.alvarez@charter.net,8/29/1985,9/25/2011,001-11-0631,3
277858,Reinaldo,Eaton,M,reinaldo.eaton@gmail.com,5/20/1981,6/24/2009,733-26-2810,1
118882,Eddie,Irwin,M,eddie.irwin@hotmail.com,4/8/1985,8/20/2011,144-23-7230,1
957082,Denise,Swanson,F,denise.swanson@aol.com,5/6/1992,4/29/2017,022-92-5284,4
191995,Sasha,Beard,F,sasha.beard@gmail.com,6/5/1980,10/2/2004,169-86-7143,1
294276,Josh,Tucker,M,josh.tucker@hotmail.com,7/28/1991,3/19/2016,422-67-3272,1
955260,Rodger,Roach,M,rodger.roach@apple.com,11/25/1968,11/15/1993,149-23-8005,2
457714,Miles,Mcdaniel,M,miles.mcdaniel@gmail.com,10/29/1963,7/7/2011,139-23-1760,4
327467,Erin,French,F,erin.french@hotmail.com,5/18/1974,8/10/2012,384-37-0941,4
642418,Rosalind,Booth,F,rosalind.booth@shaw.ca,4/4/1971,1/12/1998,196-84-7109,4
536053,Lenard,Conner,M,lenard.conner@gmail.com,6/4/1976,5/9/2017,069-02-9465,2
950796,Wilson,Mcmillan,M,wilson.mcmillan@msn.com,10/17/1990,1/5/2015,623-85-7218,4
475176,Harley,Murphy,M,harley.murphy@yahoo.com,2/23/1967,10/25/2008,080-02-0896,3
873985,Carrie,Ramsey,F,carrie.ramsey@gmail.com,2/20/1995,3/1/2017,071-02-4170,4
706151,Esteban,Finch,M,esteban.finch@walmart.com,7/23/1978,5/2/2013,123-98-0250,2
734991,Merle,Martin,M,merle.martin@gmail.com,7/23/1965,5/1/2016,305-37-9398,2
461350,Joanna,Rodriquez,F,joanna.rodriquez@gmail.com,11/9/1963,10/28/1987,049-15-6660,4
454745,Cyrus,Gardner,M,cyrus.gardner@gmail.com,5/13/1992,12/22/2013,518-89-1335,3
901588,Mariana,Mcneil,F,mariana.mcneil@aol.com,3/25/1961,2/18/1984,008-94-2276,3
891083,Fletcher,Hardin,M,fletcher.hardin@btinternet.com,5/24/1995,9/10/2016,347-08-5571,4
654747,Edwin,Brock,M,edwin.brock@gmail.com,8/5/1994,10/30/2015,233-57-3669,1
778415,Noreen,Bray,F,noreen.bray@gmail.com,11/23/1960,3/26/1988,200-84-7513,1
996768,Ollie,Woods,M,ollie.woods@aol.com,1/26/1984,8/30/2014,454-99-5744,3
295864,Cleveland,Kirkland,M,cleveland.kirkland@gmail.com,4/22/1993,6/22/2016,482-41-7537,3
924999,Arron,Olsen,M,arron.olsen@shaw.ca,1/1/1978,7/28/2009,446-27-8138,3
291663,Elijah,Garrison,M,elijah.garrison@gmail.com,1/1/1987,5/20/2014,475-55-8648,2
818352,Allie,Landry,F,allie.landry@ntlworld.com,1/7/1966,9/5/2006,183-86-4136,4
636018,Janie,Cooke,F,janie.cooke@gmail.com,5/12/1970,8/27/2012,515-31-6632,3
712045,Shelia,Conrad,F,shelia.conrad@ibm.com,8/15/1974,5/13/2001,389-33-2066,4
507999,Aida,Banks,F,aida.banks@yahoo.com,11/29/1991,9/23/2013,138-25-2714,2
770255,Lora,Wheeler,F,lora.wheeler@gmail.com,9/1/1977,10/31/2012,436-99-9214,1
977573,Fritz,Gross,M,fritz.gross@ibm.com,3/12/1977,2/29/2004,302-15-8717,2
206695,Natalie,Ellison,F,natalie.ellison@bp.com,7/6/1972,6/22/2008,396-33-8229,4
688327,Eliseo,Berry,M,eliseo.berry@apple.com,2/28/1985,8/10/2011,710-18-4715,1
903098,Philip,Mcbride,M,philip.mcbride@outlook.com,11/25/1987,5/26/2017,446-27-6024,3
557561,Kay,Travis,F,kay.travis@yahoo.co.in,8/14/1967,8/20/1994,544-81-9190,1
864516,Liliana,Donovan,F,liliana.donovan@hotmail.com,9/18/1984,6/8/2007,683-24-5188,4
743727,Elise,Kidd,F,elise.kidd@hotmail.com,2/24/1967,2/24/1989,360-08-1688,2
205865,Tabitha,Baird,F,tabitha.baird@cox.net,5/3/1961,1/1/2002,479-41-7888,4
909024,Barney,Guerrero,M,barney.guerrero@gmail.com,1/2/1974,9/24/2006,501-37-7976,1
808609,Myrtle,Riggs,F,myrtle.riggs@shaw.ca,10/10/1990,1/16/2017,591-99-2283,4
804895,Frederick,Mckay,M,frederick.mckay@gmail.com,8/9/1987,4/9/2013,766-04-7699,3
564246,Debora,Hinton,F,debora.hinton@hotmail.com,10/1/1994,9/20/2016,279-15-1416,4
208230,Merlin,Meyers,M,merlin.meyers@gmail.com,11/14/1970,12/25/2009,254-99-4534,3
232387,Celia,Huffman,F,celia.huffman@rediffmail.com,3/13/1995,4/8/2016,109-98-4636,1
124923,Tina,Cabrera,F,tina.cabrera@gmail.com,3/12/1970,6/9/1999,192-86-8848,1
274518,Kelsey,Brown,F,kelsey.brown@gmail.com,10/9/1985,11/29/2009,623-85-1493,4
288568,Danny,Shaw,M,danny.shaw@gmail.com,4/27/1972,8/14/1997,709-18-2854,1
802355,Dena,Gomez,F,dena.gomez@aol.com,12/30/1968,5/12/1999,610-87-8150,3
648744,Edmund,Blankenship,M,edmund.blankenship@yahoo.com,11/11/1965,3/22/2017,491-29-8264,3
224106,Hershel,Cain,M,hershel.cain@walmart.com,3/8/1964,4/6/1986,280-15-6288,3
543320,Lawanda,Whitehead,F,lawanda.whitehead@earthlink.net,7/29/1973,2/11/2013,575-99-6454,3
838662,Sophia,Gregory,F,sophia.gregory@sbcglobal.net,2/11/1986,11/3/2012,323-11-4511,2
138130,Lauren,Mcgee,F,lauren.mcgee@gmail.com,6/12/1977,4/25/2014,106-98-1110,4
516579,Guy,Rutledge,M,guy.rutledge@hotmail.com,6/28/1994,2/6/2016,538-71-2253,3
939556,Kurt,Oconnor,M,kurt.oconnor@hotmail.co.uk,6/20/1970,3/12/2002,152-23-3388,3
495659,Mallory,Pearson,F,mallory.pearson@aol.com,1/22/1970,1/17/1993,393-33-6184,4
630030,Louisa,Nelson,F,louisa.nelson@aol.com,2/28/1979,9/30/2005,222-11-9575,1
874431,Diego,Huffman,M,diego.huffman@hotmail.com,7/10/1961,3/3/1998,690-22-9118,2
809793,Louisa,Ellison,F,louisa.ellison@yahoo.co.uk,12/5/1978,8/13/2004,557-99-1239,4
942454,Josue,Cross,M,josue.cross@shell.com,3/31/1986,3/26/2011,330-11-1417,1
228229,Ines,Dominguez,F,ines.dominguez@sbcglobal.net,1/20/1975,1/27/2010,192-86-7885,4
375190,Lance,Garza,M,lance.garza@verizon.net,9/22/1979,8/18/2003,267-99-4896,3
532560,Belinda,Pace,F,belinda.pace@yahoo.com,7/7/1976,7/11/2009,713-18-2119,3
210135,Gracie,Herring,F,gracie.herring@shaw.ca,8/20/1988,10/20/2013,271-17-9236,1
228355,Benito,Knapp,M,benito.knapp@aol.com,7/15/1979,2/16/2004,584-99-7295,2
965308,Lucinda,Mcgowan,F,lucinda.mcgowan@gmail.com,11/15/1983,7/15/2017,591-99-0882,4
768500,Jami,Golden,F,jami.golden@gmail.com,11/21/1960,1/21/1985,378-37-7676,2
816768,David,Gutierrez,M,david.gutierrez@gmail.com,2/19/1995,1/4/2017,252-99-4453,1
909541,Clement,Myers,M,clement.myers@earthlink.net,11/26/1958,6/20/1983,152-23-1091,1
529604,Shane,Porter,M,shane.porter@hotmail.co.uk,6/7/1982,4/8/2014,220-89-6649,4
140932,Clint,Gross,M,clint.gross@microsoft.com,4/20/1969,5/21/2000,128-98-4086,2
725731,Ofelia,Pickett,F,ofelia.pickett@hotmail.com,2/27/1990,5/25/2013,187-86-2657,1
214985,Karina,Green,F,karina.green@yahoo.ca,10/3/1967,1/12/2006,351-08-9588,2
405156,Sam,Burris,M,sam.burris@cox.net,2/16/1960,11/10/1986,229-99-5055,2
249736,Lina,Shannon,F,lina.shannon@bp.com,2/17/1981,4/14/2010,613-87-7056,2
526273,Myles,Coleman,M,myles.coleman@gmail.com,2/3/1983,1/7/2011,614-87-5221,2
654723,Clay,Freeman,M,clay.freeman@gmail.com,8/9/1973,4/12/2011,079-02-5138,4
672964,Catalina,Guthrie,F,catalina.guthrie@aol.com,5/13/1975,1/23/2000,449-99-7238,2
240799,Nannie,Moon,F,nannie.moon@gmail.com,5/19/1976,7/24/2009,276-17-6827,1
169618,Donovan,Serrano,M,donovan.serrano@btinternet.com,10/16/1988,5/15/2013,463-99-4299,3
430633,Sondra,Reyes,F,sondra.reyes@yahoo.co.uk,4/18/1993,7/6/2016,174-86-7119,3
116286,Terrance,Duke,M,terrance.duke@microsoft.com,11/2/1984,6/22/2013,207-84-7616,2
486573,Colleen,Rodriguez,F,colleen.rodriguez@cox.net,2/13/1994,4/28/2015,677-22-3168,3
371751,Thad,Luna,M,thad.luna@gmail.com,2/22/1969,4/2/2007,043-15-7824,2
783654,Terence,Clay,M,terence.clay@outlook.com,7/24/1995,11/30/2016,439-99-6942,4
845635,Bettie,Holman,F,bettie.holman@hotmail.co.uk,12/24/1979,5/12/2013,606-87-8889,4
266624,Boyd,Greer,M,boyd.greer@yahoo.co.in,1/30/1996,4/13/2017,397-33-0382,4
682855,Corey,Edwards,M,corey.edwards@gmail.com,6/19/1969,11/18/1990,296-15-4513,1
229899,Violet,Lindsay,F,violet.lindsay@charter.net,6/25/1959,5/19/2013,340-11-3051,3
701561,Camille,Mullins,F,camille.mullins@yahoo.com,6/3/1967,7/12/2001,764-29-7040,2
114862,Nicole,Rodriquez,F,nicole.rodriquez@gmail.com,2/1/1964,1/15/2002,378-37-2300,2
445650,Joan,Bauer,M,joan.bauer@yahoo.com,1/28/1982,8/12/2013,553-99-8862,1
574544,Kennith,Marquez,M,kennith.marquez@aol.com,12/9/1971,8/1/1994,561-99-5918,4
990758,Mae,Hurst,F,mae.hurst@gmail.com,7/8/1988,2/19/2010,757-12-6330,3
833424,Denver,Mann,M,denver.mann@exxonmobil.com,7/8/1958,12/22/1987,105-02-7288,1
864834,Milford,Dickerson,M,milford.dickerson@gmail.com,10/26/1965,12/3/1999,011-94-6151,4
703495,Marva,Phelps,F,marva.phelps@hotmail.com,4/3/1974,10/5/2015,753-07-3049,4
222179,Betsy,Dillon,F,betsy.dillon@msn.com,12/4/1982,7/11/2014,203-84-4304,2
951011,Celeste,Ramirez,F,celeste.ramirez@aol.com,11/30/1981,2/22/2015,652-62-3242,4
187639,Tonya,Burke,F,tonya.burke@aol.com,6/13/1982,8/4/2015,019-94-7438,2
375051,Deana,Spencer,F,deana.spencer@hotmail.com,7/30/1976,10/9/2000,165-86-3979,1
509810,Susanne,Joseph,F,susanne.joseph@gmail.com,12/25/1963,7/28/1985,512-33-6786,3
625661,Cole,Spencer,M,cole.spencer@yahoo.com,6/17/1959,4/25/2003,148-23-2588,1
662168,Marlon,Whitaker,M,marlon.whitaker@aol.com,4/10/1982,4/19/2008,306-37-4565,3
678244,Trudy,Frazier,F,trudy.frazier@rediffmail.com,6/5/1960,4/2/2007,136-25-5276,4
864339,Tania,May,F,tania.may@hotmail.com,4/3/1960,1/16/1985,304-37-2885,1
436424,Leonel,Guerrero,M,leonel.guerrero@exxonmobil.com,5/5/1992,7/6/2014,557-99-7283,4
606834,Nadia,Stokes,F,nadia.stokes@gmail.com,7/20/1979,10/3/2005,470-57-5153,2
268942,Cody,Dillard,M,cody.dillard@gmail.com,2/21/1976,5/9/2001,093-02-5538,3
484822,Megan,Fry,F,megan.fry@gmail.com,1/19/1996,5/23/2017,724-28-9985,4
397241,Darla,Durham,F,darla.durham@microsoft.com,6/26/1987,11/26/2012,149-23-3818,3
924252,Cecile,Ross,F,cecile.ross@bp.com,1/4/1994,10/22/2016,765-27-7606,1
717079,Helene,Franco,F,helene.franco@shell.com,6/25/1967,1/7/2002,702-18-0397,4
494794,Vernon,Buchanan,M,vernon.buchanan@gmail.com,12/17/1993,5/10/2015,156-23-8758,2
970841,Marva,Santiago,F,marva.santiago@gmail.com,10/27/1988,8/6/2012,274-17-8211,3
281794,Yvette,Bentley,F,yvette.bentley@hotmail.com,5/30/1992,11/30/2015,521-99-6108,1
520539,Derick,Daugherty,M,derick.daugherty@hotmail.com,12/31/1985,3/24/2007,050-02-7511,2
567269,Fay,Villarreal,F,fay.villarreal@yahoo.com,4/4/1989,11/29/2012,276-17-8153,4
749292,Deanna,Wilkins,F,deanna.wilkins@ibm.com,12/18/1962,5/29/2016,092-02-1017,2
292144,Augusta,Andrews,F,augusta.andrews@gmail.com,12/16/1985,10/3/2013,540-83-5625,1
896825,Erna,Tran,F,erna.tran@gmail.com,9/7/1976,11/18/2009,447-27-1576,2
216408,Luther,Short,M,luther.short@gmail.com,6/13/1993,4/9/2017,759-12-0402,1
579003,Curtis,Williamson,M,curtis.williamson@hotmail.com,7/21/1974,10/26/2013,357-08-2317,4
249410,Yvette,Rivers,F,yvette.rivers@ibm.com,11/9/1971,1/13/2006,689-24-6905,4
241389,Walter,Velez,M,walter.velez@gmail.com,4/21/1992,3/8/2016,126-98-9311,2
311405,Christa,Wilkins,F,christa.wilkins@verizon.net,10/25/1974,5/15/2011,725-18-6016,1
796832,Milton,Neal,M,milton.neal@gmail.com,12/4/1971,6/29/2003,358-08-6725,3
976347,Kimberly,Harmon,F,kimberly.harmon@gmail.com,10/6/1991,7/8/2015,761-12-1475,2
363748,Lemuel,Houston,M,lemuel.houston@charter.net,1/22/1979,12/9/2014,028-92-4476,4
368157,Marcie,Weiss,F,marcie.weiss@yahoo.com,10/22/1994,10/21/2016,404-73-8790,4
466203,Bart,Whitaker,M,bart.whitaker@hotmail.com,6/23/1962,2/17/2007,235-57-8388,4
893798,Patrice,Koch,F,patrice.koch@shaw.ca,5/19/1995,7/11/2016,362-39-6645,1
501368,Xavier,Mcintosh,M,xavier.mcintosh@gmail.com,12/10/1990,8/22/2014,035-74-2854,2
507594,Lidia,Rojas,F,lidia.rojas@yahoo.com,9/6/1993,4/22/2016,218-89-0801,4
390989,Essie,Bridges,F,essie.bridges@yahoo.co.uk,3/13/1993,11/26/2015,185-86-5982,1
312364,Sondra,Stephens,F,sondra.stephens@msn.com,11/11/1976,1/24/2001,572-99-0507,2
444670,Monte,Contreras,M,monte.contreras@gmail.com,5/14/1975,10/19/1998,477-55-7262,1
969572,Ernesto,Moreno,M,ernesto.moreno@hotmail.com,11/27/1965,2/16/2006,122-98-7403,2
129405,Ismael,Ellis,M,ismael.ellis@charter.net,4/10/1975,8/23/2000,477-55-7715,3
612960,Elijah,Hopkins,M,elijah.hopkins@aol.com,4/26/1994,11/13/2016,038-74-6930,2
328690,Leigh,Mccall,F,leigh.mccall@gmail.com,7/18/1987,7/27/2008,619-87-2551,1
960091,Genaro,Stafford,M,genaro.stafford@yahoo.com,8/17/1979,10/16/2000,320-11-2235,3
563448,Lucy,Hinton,F,lucy.hinton@yahoo.com,5/24/1976,12/23/1998,695-16-6326,4
982922,Bernadette,Glass,F,bernadette.glass@hotmail.com,5/24/1994,1/29/2016,334-11-0572,4
646972,Lee,Peck,M,lee.peck@gmail.com,2/10/1976,6/5/2009,180-86-0599,1
387407,Damian,Ellison,M,damian.ellison@gmail.com,4/26/1962,9/2/2010,512-33-2215,1
468347,Dusty,Hendricks,M,dusty.hendricks@gmail.com,6/4/1967,10/8/2013,503-45-4085,1
707678,Katina,Wynn,F,katina.wynn@gmail.com,9/13/1987,3/21/2015,626-85-1863,2
709899,Clair,Morris,M,clair.morris@gmail.com,7/7/1958,12/13/1981,079-02-5317,2
931481,Ernesto,Short,M,ernesto.short@hotmail.com,2/3/1993,6/25/2015,683-24-2543,4
415337,Frankie,Wiggins,F,frankie.wiggins@gmail.com,10/24/1958,2/12/1990,377-37-7795,2
795746,Angelique,Guy,F,angelique.guy@hotmail.com,4/23/1990,7/20/2012,732-28-2021,4
880808,Marcelino,Tanner,M,marcelino.tanner@gmail.com,7/25/1962,2/10/2009,173-86-7648,3
224527,Tony,Weiss,M,tony.weiss@aol.com,5/29/1971,10/28/1993,292-15-1702,2
674436,Lenard,Cardenas,M,lenard.cardenas@yahoo.co.uk,2/6/1981,11/18/2008,118-98-3789,2
492623,Aurora,Gray,F,aurora.gray@gmail.com,4/29/1965,1/18/1988,359-08-8042,2
589874,Manuela,Koch,F,manuela.koch@aol.com,12/13/1967,9/21/2009,015-94-0568,2
476018,Jean,Mclean,F,jean.mclean@walmart.com,5/4/1987,5/28/2011,592-99-6453,2
228339,Barbra,Sutton,F,barbra.sutton@ibm.com,7/1/1987,9/28/2012,352-08-2930,4
239118,Deann,Mccormick,F,deann.mccormick@yahoo.co.uk,4/12/1959,6/4/1988,590-99-7706,2
125780,Reba,Browning,F,reba.browning@hotmail.com,9/19/1964,10/22/1993,355-08-4077,3
431018,Rickie,Alston,M,rickie.alston@gmail.com,4/13/1990,3/17/2015,063-02-6842,2
452967,Lyman,Reeves,M,lyman.reeves@yahoo.com,4/10/1990,1/19/2017,261-99-5615,1
407464,Deon,Quinn,M,deon.quinn@gmail.com,9/19/1965,11/25/2007,138-25-4573,4
871827,Israel,Mccarthy,M,israel.mccarthy@outlook.com,10/5/1972,1/11/2001,135-25-0215,2
884068,Moises,Berger,M,moises.berger@shell.com,5/6/1964,6/10/2006,472-57-1193,3
131361,Jerri,Douglas,F,jerri.douglas@yahoo.com,5/3/1963,2/6/1994,618-87-6769,4
259652,Bradley,Nieves,M,bradley.nieves@gmail.com,9/2/1983,2/2/2005,603-87-2981,1
430932,Romeo,Foster,M,romeo.foster@shell.com,5/5/1983,1/7/2005,249-99-8047,2
637522,Leopoldo,Mcgee,M,leopoldo.mcgee@gmail.com,10/25/1986,4/28/2017,062-02-1111,3
467568,Andrea,Crawford,M,andrea.crawford@exxonmobil.com,8/23/1978,9/2/2009,757-12-0852,2
683539,Charley,Daniel,M,charley.daniel@yahoo.com,3/8/1959,4/30/2014,464-99-3054,3
417301,Carolyn,Butler,F,carolyn.butler@yahoo.com,8/2/1978,3/27/2006,526-99-8674,2
682104,Gracie,Stanley,F,gracie.stanley@gmail.com,10/24/1974,11/20/2005,368-39-6485,2
544977,Jerrold,Sweet,M,jerrold.sweet@gmail.com,11/1/1991,10/23/2015,031-92-6851,1
928962,Joshua,Small,M,joshua.small@gmail.com,9/17/1960,8/20/2001,343-11-5694,3
248088,Kristy,Jordan,F,kristy.jordan@hotmail.com,12/15/1989,3/6/2013,506-57-0225,2
599683,Spencer,Williams,M,spencer.williams@hotmail.com,8/9/1977,4/29/2014,144-23-0486,1
117980,Ashley,Ochoa,F,ashley.ochoa@shell.com,8/24/1978,3/24/2015,226-99-3289,3
899405,Rocco,Wall,M,rocco.wall@gmail.com,10/2/1964,5/7/1994,732-28-7587,1
935067,Sonny,Carey,M,sonny.carey@gmail.com,10/27/1961,5/20/2008,150-23-2859,2
521604,Erich,Goodman,M,erich.goodman@gmail.com,4/3/1962,11/27/1986,688-24-4560,4
848091,Mack,Massey,M,mack.massey@shaw.ca,5/15/1993,4/16/2016,103-02-3216,3
999219,Vicky,Burgess,F,vicky.burgess@hotmail.com,4/6/1992,5/2/2017,511-33-6199,4
209627,Willa,Hensley,F,willa.hensley@gmail.com,11/1/1965,9/28/2003,646-23-3771,3
642586,Reva,Morales,F,reva.morales@yahoo.com,12/27/1988,3/13/2011,531-71-3442,4
651163,Ina,Cummings,F,ina.cummings@gmail.com,6/22/1993,4/29/2016,034-92-9215,2
425289,Kristi,Monroe,F,kristi.monroe@gmail.com,3/26/1972,6/16/2006,695-16-4776,3
314444,Danial,Carpenter,M,danial.carpenter@msn.com,7/26/1986,4/1/2012,601-99-2184,2
956821,Benita,Duncan,F,benita.duncan@gmail.com,11/17/1957,12/8/1985,724-28-0144,4
711278,Dwayne,Kim,M,dwayne.kim@ibm.com,1/4/1976,2/27/2009,448-27-8402,3
125371,Lorrie,Rocha,F,lorrie.rocha@aol.com,1/16/1995,12/21/2016,678-22-7346,4
906259,Juliana,Hines,F,juliana.hines@gmail.com,12/15/1979,4/21/2007,580-41-4352,3
327429,Mac,Mcleod,M,mac.mcleod@gmail.com,2/5/1979,6/14/2003,320-11-0958,1
272413,Bryce,Bonner,M,bryce.bonner@gmail.com,2/13/1958,3/3/2008,348-08-7421,3
645306,Guadalupe,Holcomb,M,guadalupe.holcomb@hotmail.com,2/27/1981,12/27/2013,481-41-3721,4
180869,Jacob,Cherry,M,jacob.cherry@yahoo.co.in,10/4/1970,8/15/2014,083-02-8562,2
222563,Jeanette,Rivera,F,jeanette.rivera@aol.com,9/3/1963,5/22/2002,143-23-0461,2
541221,Jefferson,Holt,M,jefferson.holt@yahoo.ca,7/17/1996,7/15/2017,304-37-7449,3
198476,Dillon,Dunn,M,dillon.dunn@yahoo.ca,6/18/1973,5/25/1999,029-92-4488,3
664807,Bertie,Slater,F,bertie.slater@gmail.com,2/3/1994,1/5/2017,574-61-0132,1
673745,Hannah,Cooper,F,hannah.cooper@shaw.ca,10/4/1993,11/13/2015,509-33-6508,3
812026,Jon,Mcneil,M,jon.mcneil@hotmail.com,3/22/1973,1/1/2008,215-91-9193,2
957459,Caitlin,Mann,F,caitlin.mann@hotmail.com,11/5/1961,9/29/1990,611-87-6022,4
118109,Doris,Giles,F,doris.giles@aol.com,1/3/1959,10/8/2000,193-86-6409,3
900863,Barbra,Hobbs,F,barbra.hobbs@outlook.com,5/9/1991,10/6/2013,491-29-5239,3
147382,Hung,Witt,M,hung.witt@apple.com,8/6/1965,7/25/1998,043-15-7895,1
456816,Adele,Scott,F,adele.scott@yahoo.com,8/29/1980,3/27/2012,405-73-5476,1
437096,Stella,Guy,F,stella.guy@btinternet.com,10/13/1979,3/31/2016,536-71-1774,1
159397,Clement,Lancaster,M,clement.lancaster@charter.net,8/13/1971,1/4/2005,180-86-6071,4
169739,Rosetta,Decker,F,rosetta.decker@bp.com,4/3/1993,4/7/2016,583-99-8323,4
995863,Caleb,Poole,M,caleb.poole@hotmail.com,4/19/1972,6/9/2004,466-99-5783,2
779374,Dudley,Elliott,M,dudley.elliott@yahoo.com,9/8/1966,4/1/1996,636-31-2637,4
587639,Barbara,Palmer,F,barbara.palmer@yahoo.com,6/7/1984,4/23/2014,677-22-6704,4
964222,Alana,Henderson,F,alana.henderson@gmail.com,6/15/1959,11/17/1987,416-67-9779,2
597006,Hazel,Case,F,hazel.case@aol.com,8/3/1962,10/7/1987,241-99-0661,1
688836,Erich,Lyons,M,erich.lyons@gmail.com,3/31/1996,4/27/2017,752-09-2442,2
498361,Elise,Zimmerman,F,elise.zimmerman@gmail.com,12/26/1977,8/14/2007,322-11-8121,4
759183,Mauro,Fernandez,M,mauro.fernandez@gmail.com,6/9/1982,5/20/2011,490-29-1098,3
186298,Luisa,Mcintyre,F,luisa.mcintyre@outlook.com,5/6/1963,7/19/1992,562-99-9605,3
776211,Duane,Lowery,M,duane.lowery@aol.com,12/12/1979,6/29/2003,004-13-6661,4
337146,Weldon,Hyde,M,weldon.hyde@gmail.com,2/18/1974,8/27/2006,764-29-9584,1
273427,Ilene,Head,F,ilene.head@apple.com,3/6/1986,8/25/2007,282-15-5642,4
329548,Phil,Montgomery,M,phil.montgomery@btinternet.com,11/13/1991,7/28/2017,623-85-2895,4
955183,Jonas,Underwood,M,jonas.underwood@exxonmobil.com,7/13/1995,1/10/2017,327-11-7801,1
862947,Benita,Mcgee,F,benita.mcgee@hotmail.com,12/30/1970,5/16/2005,044-15-3638,3
174542,Rochelle,Guerrero,F,rochelle.guerrero@gmail.com,9/10/1992,6/18/2015,120-98-6307,1
857324,Terra,Webb,F,terra.webb@gmail.com,7/1/1973,12/15/2008,266-99-6589,2
678498,Buford,Zimmerman,M,buford.zimmerman@yahoo.ca,9/4/1994,7/23/2016,258-99-0396,4
661971,Emanuel,Nichols,M,emanuel.nichols@hotmail.co.uk,6/5/1962,5/9/1999,359-08-1106,1
537235,Cheryl,French,F,cheryl.french@aol.com,8/20/1985,9/9/2012,389-33-0522,2
712170,Theodore,Dale,M,theodore.dale@exxonmobil.com,12/17/1994,7/1/2017,750-20-7529,4
285184,Ginger,Palmer,F,ginger.palmer@btinternet.com,5/23/1978,2/9/2009,333-11-6014,2
994907,Lilian,Stein,F,lilian.stein@aol.com,6/23/1996,6/23/2017,314-35-6095,2
523887,Gilbert,Luna,M,gilbert.luna@microsoft.com,10/1/1968,12/25/2004,042-15-5241,4
684722,Waldo,Wright,M,waldo.wright@bp.com,1/26/1973,10/29/2014,103-02-8337,3
792224,Tommie,Cunningham,M,tommie.cunningham@btinternet.com,7/12/1977,10/27/2013,759-12-8254,4
199699,George,Potts,M,george.potts@msn.com,1/13/1961,6/23/2006,313-35-0994,2
953997,Graham,Hutchinson,M,graham.hutchinson@microsoft.com,5/18/1985,2/11/2013,360-08-1956,2
149818,Ophelia,Pena,F,ophelia.pena@gmail.com,1/11/1986,6/23/2016,144-23-2416,2
352882,Lon,Harper,M,lon.harper@aol.com,4/24/1994,9/2/2016,655-36-7746,2
760995,Irvin,Witt,M,irvin.witt@gmail.com,1/25/1993,3/28/2014,244-99-1471,1
873626,Sheri,Spears,F,sheri.spears@yahoo.com,1/7/1982,11/25/2007,431-99-1687,2
247051,Alberta,Page,F,alberta.page@hotmail.com,2/5/1981,8/17/2010,210-84-8950,1
715045,Kerri,Santos,F,kerri.santos@yahoo.com,11/10/1982,2/18/2017,412-99-7151,4
601808,Olin,Case,M,olin.case@hotmail.com,6/6/1991,2/14/2015,267-99-1476,3
569286,Stefan,Jacobs,M,stefan.jacobs@cox.net,9/26/1983,10/30/2008,179-86-9985,3
172440,Cody,Allison,M,cody.allison@gmail.com,12/23/1988,6/21/2017,312-35-7906,4
568435,Bonnie,Baker,F,bonnie.baker@bp.com,8/3/1985,1/7/2008,064-02-6162,3
597409,Luke,Turner,M,luke.turner@charter.net,2/12/1987,3/5/2010,056-02-8240,2
359608,Eva,Holman,F,eva.holman@hotmail.com,9/26/1957,2/20/2001,343-11-1935,3
803426,Maritza,Christian,F,maritza.christian@microsoft.com,5/19/1987,3/15/2012,336-11-5030,4
669618,Phyllis,Dudley,F,phyllis.dudley@yahoo.co.in,11/2/1957,1/17/1980,101-02-6501,1